[358.0, 5.5]	[352.0, 9.5]																																																																																																																																																								
[319.0, 8.0]	[313.0, 12.0]																																																																																																																																																								
[274.0, 19.0]	[268.5, 23.0]																																																																																																																																																								
[251.0, 28.5]	[244.5, 32.5]	[243.0, 36.5]																																																																																																																																																							
[195.5, 38.0]	[190.0, 34.0]	[185.0, 30.0]	[177.5, 30.0]	[175.0, 34.0]	[174.5, 38.0]	[173.0, 42.0]	[171.5, 46.0]	[171.0, 50.0]	[170.0, 54.0]	[167.0, 58.0]	[162.0, 62.0]	[169.5, 54.5]	[165.5, 59.5]	[161.5, 62.5]	[157.5, 64.5]	[153.5, 66.5]	[149.5, 67.0]	[145.5, 68.0]	[141.5, 70.0]	[137.5, 74.5]	[133.5, 80.0]	[129.5, 85.5]	[125.5, 93.0]	[121.5, 101.5]	[117.5, 109.5]	[118.5, 117.5]	[122.5, 123.0]	[120.0, 132.5]	[116.0, 137.5]	[112.0, 141.5]	[108.0, 144.0]	[104.0, 149.0]	[100.0, 152.0]	[96.0, 157.0]	[92.0, 160.0]	[88.0, 161.5]	[84.0, 162.0]	[80.0, 162.5]	[76.0, 163.5]	[72.0, 168.5]	[68.0, 175.5]	[64.0, 182.5]	[60.0, 189.5]	[56.0, 191.5]	[52.0, 196.5]	[48.0, 203.0]																																																																																																											
[44.0, 214.0]	[40.0, 218.0]	[36.0, 221.0]	[32.0, 228.0]																																																																																																																																																						
[26.5, 246.5]	[22.5, 252.0]	[18.5, 255.0]	[14.5, 258.5]																																																																																																																																																						
[15.0, 277.0]	[19.0, 280.5]	[23.0, 283.0]																																																																																																																																																							
[25.5, 308.0]	[29.5, 314.0]																																																																																																																																																								
[20.0, 359.5]	[16.0, 361.5]	[12.0, 363.5]	[8.0, 365.5]	[4.0, 366.0]	[0.0, 369.5]	[0.0, 372.5]	[4.0, 373.5]	[8.0, 375.0]	[12.0, 380.0]	[16.0, 384.0]	[20.0, 389.5]																																																																																																																																														
[21.5, 412.0]	[25.5, 415.0]	[29.5, 415.5]	[33.5, 417.5]	[37.5, 423.5]	[41.5, 429.5]	[45.5, 433.0]	[49.5, 437.0]	[53.5, 442.5]	[57.5, 450.5]	[61.5, 454.5]	[65.5, 460.0]	[69.5, 468.0]	[73.5, 474.5]	[77.5, 478.5]	[81.5, 483.0]	[85.5, 487.5]	[89.5, 490.0]	[93.5, 493.5]	[97.5, 496.0]	[101.5, 498.5]	[105.5, 501.5]	[109.5, 504.0]	[113.5, 507.0]	[117.5, 509.5]	[121.5, 512.0]	[125.5, 515.0]	[129.5, 517.5]	[133.5, 519.5]	[137.5, 522.0]	[141.5, 523.5]	[145.5, 526.0]	[149.5, 529.0]	[153.5, 530.5]	[157.5, 531.0]	[161.5, 529.5]	[165.5, 527.5]	[169.5, 525.0]	[173.5, 524.0]	[177.5, 523.0]	[181.5, 520.5]	[185.5, 519.5]	[189.5, 518.0]	[193.5, 516.5]	[197.5, 515.5]	[201.5, 514.5]	[205.5, 514.0]	[209.5, 514.0]	[213.5, 514.0]	[217.5, 514.0]	[221.5, 514.5]	[225.5, 520.5]	[229.5, 521.5]	[233.5, 522.0]	[237.5, 522.0]	[241.5, 522.0]	[245.5, 520.5]	[249.5, 520.5]	[253.5, 520.0]	[257.5, 517.5]	[261.5, 513.5]	[265.5, 512.0]	[269.5, 511.5]	[273.5, 510.5]	[277.5, 510.0]	[281.5, 507.5]	[281.0, 508.0]	[282.0, 505.5]	[286.0, 504.5]	[290.0, 504.0]	[294.0, 504.0]	[298.0, 504.0]	[302.0, 501.0]	[306.0, 499.0]	[310.0, 499.5]	[314.0, 501.5]	[318.0, 502.0]	[322.0, 502.0]	[326.0, 502.0]	[330.0, 503.0]	[334.0, 505.5]	[338.0, 511.0]	[340.5, 520.5]	[344.5, 525.5]	[348.5, 528.0]	[352.5, 528.5]	[356.5, 528.5]	[360.5, 528.0]	[364.5, 528.0]	[368.5, 528.0]	[372.5, 528.0]	[376.5, 528.5]	[380.5, 528.5]	[384.5, 528.5]	[388.5, 528.5]	[392.5, 528.5]	[396.5, 531.5]	[400.5, 535.0]	[404.5, 538.0]																																																							
[393.5, 529.0]	[397.5, 533.0]	[403.5, 537.0]	[406.0, 541.0]	[407.0, 545.0]	[408.0, 549.0]	[408.5, 553.0]	[408.0, 557.0]	[405.5, 561.0]	[404.0, 565.0]	[403.5, 569.0]	[403.5, 573.0]	[403.5, 577.0]	[403.5, 581.0]	[403.5, 585.0]	[403.0, 589.0]	[401.0, 593.0]	[399.0, 597.0]	[399.0, 601.0]	[398.5, 605.0]	[398.0, 609.0]	[398.0, 613.0]	[397.5, 617.0]	[398.0, 621.0]	[399.0, 625.0]	[402.5, 629.0]	[407.0, 633.0]	[411.5, 637.0]	[416.0, 641.0]	[425.0, 645.0]	[429.0, 649.0]	[430.5, 653.0]	[432.5, 657.0]	[436.5, 661.0]	[441.5, 665.0]	[443.5, 669.0]	[444.0, 673.0]	[444.0, 677.0]	[443.0, 681.0]	[443.0, 685.0]	[445.0, 689.0]	[447.5, 693.0]	[450.5, 697.0]	[454.5, 701.0]	[456.5, 705.0]	[458.0, 709.0]	[459.5, 713.0]	[462.0, 717.0]	[461.5, 721.0]	[456.0, 725.0]	[452.5, 729.0]	[453.5, 733.0]	[459.0, 737.0]	[461.0, 741.0]	[461.0, 745.0]	[464.5, 749.0]	[467.5, 753.0]	[469.5, 757.0]	[469.0, 761.0]	[469.0, 765.0]	[467.5, 769.0]	[464.0, 773.0]	[459.0, 777.0]	[456.5, 781.0]	[453.0, 785.0]	[448.5, 789.0]	[448.5, 793.0]	[448.5, 797.0]	[448.5, 801.0]	[448.5, 805.0]	[448.5, 809.0]	[448.5, 813.0]	[447.0, 817.0]	[445.0, 821.0]	[442.5, 825.0]	[440.0, 829.0]	[439.5, 833.0]	[438.0, 837.0]	[437.5, 841.0]	[437.0, 845.0]	[437.0, 849.0]	[437.0, 853.0]	[437.0, 857.0]	[437.0, 861.0]	[437.0, 865.0]	[439.0, 869.0]	[445.0, 873.0]	[448.5, 877.0]	[451.5, 881.0]	[454.0, 885.0]	[456.5, 889.0]	[458.5, 893.0]	[460.0, 897.0]	[462.0, 901.0]	[462.5, 905.0]	[463.0, 909.0]	[465.0, 913.0]	[466.0, 917.0]	[468.0, 921.0]	[473.0, 925.0]	[476.5, 929.0]	[477.0, 933.0]	[477.0, 937.0]	[477.5, 941.0]	[476.0, 945.0]	[475.5, 949.0]	[475.0, 953.0]	[477.5, 957.0]	[478.5, 961.0]	[479.5, 965.0]	[481.0, 969.0]	[483.0, 973.0]	[483.5, 977.0]	[483.5, 981.0]	[483.5, 985.0]	[483.5, 989.0]	[483.5, 993.0]	[484.0, 997.0]	[485.5, 1001.0]	[486.5, 1005.0]	[488.0, 1009.0]	[489.0, 1013.0]	[492.0, 1017.0]	[493.5, 1021.0]	[495.5, 1025.0]	[498.5, 1029.0]	[503.0, 1033.0]	[507.5, 1037.0]	[508.5, 1041.0]	[509.0, 1045.0]	[510.5, 1049.0]	[512.5, 1053.0]	[514.5, 1057.0]	[516.5, 1061.0]	[518.5, 1065.0]	[520.5, 1069.0]	[522.5, 1073.0]	[524.5, 1077.0]	[527.0, 1081.0]	[529.5, 1085.0]	[532.5, 1089.0]	[533.5, 1093.0]	[533.5, 1097.0]	[531.5, 1101.0]	[528.5, 1105.0]	[528.5, 1109.0]	[529.0, 1113.0]	[531.0, 1117.0]	[534.0, 1121.0]	[537.5, 1125.0]	[541.0, 1129.0]	[544.5, 1133.0]	[548.5, 1137.0]	[551.5, 1141.0]
[563.0, 1141.5]	[573.0, 1137.5]																																																																																																																																																								
[590.0, 1135.5]	[594.0, 1131.5]																																																																																																																																																								
[529.5, 1114.5]	[533.5, 1120.0]	[537.5, 1124.5]	[541.5, 1129.0]	[545.5, 1133.5]	[549.5, 1138.5]	[553.5, 1141.5]	[557.5, 1141.5]	[561.5, 1141.5]	[565.5, 1141.0]	[569.5, 1139.0]	[573.5, 1137.5]	[577.5, 1137.0]	[581.5, 1136.5]	[585.5, 1136.0]	[589.5, 1136.0]	[593.5, 1132.0]	[597.5, 1131.0]	[601.5, 1131.5]	[605.5, 1132.5]	[609.5, 1132.0]	[613.5, 1131.0]	[617.5, 1131.0]	[621.5, 1132.5]	[625.5, 1133.0]	[629.5, 1133.0]	[633.5, 1133.0]	[637.5, 1131.0]	[641.5, 1129.5]	[645.5, 1129.0]	[649.5, 1127.5]	[653.5, 1126.5]	[657.5, 1125.5]	[661.5, 1125.5]	[665.5, 1124.5]	[669.5, 1121.0]	[673.5, 1117.5]	[677.5, 1113.5]	[681.5, 1110.0]	[685.5, 1106.0]	[689.5, 1102.5]	[693.5, 1098.5]	[697.5, 1094.0]	[701.5, 1089.5]	[705.5, 1085.5]	[709.5, 1081.0]	[713.5, 1076.5]	[717.5, 1070.5]																																																																																																										
[721.0, 1055.0]	[725.0, 1050.5]	[729.0, 1045.5]	[733.0, 1043.0]	[737.0, 1040.5]	[741.0, 1039.0]	[745.0, 1034.5]																																																																																																																																																			
[751.5, 992.0]	[747.5, 988.5]	[747.0, 986.5]	[751.0, 983.5]	[755.0, 981.0]	[759.0, 979.0]	[763.0, 977.5]	[767.0, 976.0]	[771.0, 974.5]	[775.0, 974.0]	[779.0, 973.0]	[783.0, 970.5]	[787.0, 968.0]																																																																																																																																													
[769.0, 975.0]	[759.0, 979.0]	[751.5, 983.0]	[747.0, 987.0]	[748.5, 991.0]	[754.0, 995.0]	[754.0, 999.0]	[753.5, 1003.0]	[753.0, 1007.0]	[750.5, 1011.0]	[749.5, 1015.0]	[749.0, 1019.0]	[748.0, 1023.0]	[747.5, 1027.0]	[746.5, 1031.0]	[745.0, 1035.0]	[739.0, 1039.0]	[733.0, 1043.0]	[727.5, 1047.0]	[724.5, 1051.0]	[721.0, 1055.0]	[720.5, 1059.0]	[719.5, 1063.0]	[719.5, 1067.0]	[717.5, 1071.0]	[714.5, 1075.0]	[711.5, 1079.0]	[708.0, 1083.0]	[704.0, 1087.0]	[700.5, 1091.0]	[697.0, 1095.0]	[693.0, 1099.0]	[689.0, 1103.0]	[684.5, 1107.0]	[680.5, 1111.0]	[676.0, 1115.0]	[671.5, 1119.0]	[667.5, 1123.0]																																																																																																																				
[532.0, 1100.5]	[528.0, 1106.0]																																																																																																																																																								
[533.5, 1090.5]	[529.5, 1084.0]	[525.5, 1077.5]	[521.5, 1070.5]	[517.5, 1062.5]	[513.5, 1054.5]	[509.5, 1047.0]																																																																																																																																																			
[505.0, 1035.5]	[501.0, 1030.5]	[497.0, 1027.0]	[493.0, 1018.5]	[489.0, 1012.5]																																																																																																																																																					
[483.0, 972.5]	[479.0, 963.0]																																																																																																																																																								
[475.0, 926.5]	[471.0, 923.0]	[467.0, 919.0]	[463.0, 908.0]	[461.5, 899.5]	[457.5, 890.0]	[453.5, 883.5]	[449.5, 878.0]	[445.5, 873.0]	[441.5, 870.0]	[437.5, 866.5]																																																																																																																																															
[438.0, 835.5]	[441.0, 827.0]	[445.0, 821.0]																																																																																																																																																							
[448.5, 789.0]	[452.5, 785.5]	[456.5, 781.0]	[460.5, 775.5]	[464.5, 772.5]	[468.5, 766.5]	[469.5, 755.5]	[465.5, 750.0]	[461.5, 745.5]	[457.5, 735.0]	[453.5, 732.0]	[452.5, 728.0]	[456.5, 725.0]	[460.5, 722.0]	[459.5, 712.0]	[455.5, 701.5]	[451.5, 697.5]	[447.5, 692.5]	[443.5, 685.5]																																																																																																																																							
[443.0, 668.0]	[439.0, 662.5]	[435.0, 658.5]	[431.0, 654.0]	[427.0, 646.0]	[423.0, 644.0]	[419.0, 642.5]	[415.0, 639.5]	[411.0, 636.0]	[407.0, 632.5]	[403.0, 629.0]	[399.0, 624.0]																																																																																																																																														
[346.0, 527.0]	[341.5, 523.0]	[340.0, 519.0]	[339.0, 515.0]	[338.0, 511.0]	[335.0, 507.0]	[329.5, 503.0]																																																																																																																																																			
[303.0, 499.5]	[298.5, 503.5]																																																																																																																																																								
[264.0, 512.0]	[258.5, 516.0]																																																																																																																																																								
[223.5, 518.5]	[220.5, 514.5]																																																																																																																																																								
[171.5, 524.0]	[164.5, 528.0]																																																																																																																																																								
[147.5, 528.0]	[141.5, 524.0]	[133.5, 520.0]	[126.5, 516.0]	[120.5, 512.0]	[114.5, 508.0]	[108.5, 504.0]	[103.0, 500.0]	[96.5, 496.0]	[91.5, 492.0]	[85.5, 488.0]	[82.0, 484.0]	[78.0, 480.0]	[74.5, 476.0]	[71.0, 472.0]	[69.0, 468.0]	[67.0, 464.0]	[65.0, 460.0]	[62.5, 456.0]	[58.5, 452.0]	[56.0, 448.0]	[54.0, 444.0]	[52.0, 440.0]	[48.0, 436.0]	[43.5, 432.0]	[39.5, 428.0]	[37.5, 424.0]	[35.0, 420.0]	[30.5, 416.0]	[21.0, 412.0]	[20.5, 408.0]	[19.0, 404.0]	[17.0, 400.0]	[18.0, 396.0]	[19.5, 392.0]	[19.0, 388.0]	[15.5, 384.0]	[11.5, 380.0]	[10.0, 376.0]	[0.5, 370.0]	[3.5, 366.0]	[13.0, 363.0]	[20.5, 359.0]	[21.0, 355.0]	[21.0, 351.0]	[23.0, 347.0]	[23.0, 343.0]	[23.5, 339.0]	[25.0, 335.0]	[25.5, 331.0]	[26.0, 327.0]	[26.5, 323.0]	[28.0, 319.0]	[29.5, 315.0]	[27.0, 311.0]	[25.0, 307.0]	[24.5, 303.0]	[25.0, 299.0]	[25.0, 295.0]	[24.5, 291.0]	[24.0, 287.0]	[22.5, 283.0]	[15.5, 279.0]	[14.5, 275.0]	[14.5, 271.0]	[13.5, 267.0]	[14.0, 263.0]	[14.5, 259.0]	[17.0, 255.0]	[24.0, 251.0]	[26.0, 247.0]	[28.0, 243.0]	[30.5, 239.0]	[31.0, 235.0]	[31.5, 231.0]	[32.5, 227.0]	[34.5, 223.0]	[38.5, 219.0]	[43.5, 215.0]	[46.0, 211.0]	[48.0, 207.0]	[48.0, 203.0]	[50.5, 199.0]	[53.0, 195.0]	[57.0, 191.0]	[61.5, 187.0]	[64.0, 183.0]	[66.0, 179.0]	[68.5, 175.0]	[70.5, 171.0]	[73.5, 167.0]	[76.5, 163.0]																																																														
[93.5, 159.0]	[97.0, 155.0]	[101.0, 151.0]	[106.0, 147.0]	[109.5, 143.0]	[114.5, 139.0]	[118.0, 135.0]	[121.5, 131.0]	[123.0, 127.0]	[122.0, 123.0]	[119.0, 119.0]	[118.0, 115.0]	[117.5, 111.0]	[118.5, 107.0]	[120.5, 103.0]	[123.0, 99.0]	[125.0, 95.0]	[126.5, 91.0]	[128.0, 87.0]	[131.5, 83.0]	[134.5, 79.0]	[137.0, 75.0]	[141.0, 71.0]	[148.0, 67.0]																																																																																																																																		
[175.0, 33.0]	[179.0, 30.0]	[183.0, 29.5]	[187.0, 31.0]	[191.0, 34.5]	[195.0, 37.5]	[199.0, 40.0]	[203.0, 40.5]	[207.0, 38.5]	[211.0, 38.0]	[215.0, 38.0]	[219.0, 38.0]	[223.0, 38.0]	[227.0, 38.0]	[231.0, 39.0]	[235.0, 40.0]	[239.0, 39.5]	[243.0, 35.0]	[247.0, 31.0]	[251.0, 28.5]	[255.0, 27.5]	[259.0, 27.0]	[263.0, 26.5]	[267.0, 24.0]	[271.0, 20.5]	[275.0, 19.0]	[279.0, 18.0]	[283.0, 16.5]	[287.0, 16.5]	[291.0, 16.5]	[295.0, 16.0]	[299.0, 15.5]	[303.0, 15.0]	[307.0, 14.0]	[311.0, 13.0]	[315.0, 11.0]	[319.0, 8.0]	[323.0, 7.5]	[327.0, 7.5]	[331.0, 8.0]	[335.0, 8.0]	[339.0, 10.0]	[343.0, 12.0]	[347.0, 11.0]	[351.0, 10.0]	[355.0, 7.5]	[359.0, 5.5]	[363.0, 7.0]	[367.0, 7.5]	[371.0, 6.0]	[375.0, 5.5]	[379.0, 7.5]	[383.0, 7.5]	[387.0, 5.5]	[391.0, 5.0]	[395.0, 3.5]	[399.0, 2.5]	[403.0, 1.5]	[410.0, 0.5]	[414.0, 3.0]	[414.0, 4.0]	[415.0, 8.0]	[416.0, 10.5]	[420.0, 10.5]	[424.0, 7.0]	[428.0, 7.0]	[421.5, 9.5]	[427.5, 7.0]	[429.0, 11.0]	[428.5, 15.0]	[423.0, 19.0]	[419.5, 23.0]	[419.5, 27.0]	[422.0, 31.0]	[427.5, 35.0]	[428.5, 39.0]	[428.0, 43.0]	[423.0, 47.0]	[418.5, 51.0]	[417.0, 55.0]	[415.0, 59.0]	[416.0, 63.0]	[418.5, 67.0]	[415.5, 61.5]	[419.5, 67.5]	[423.5, 69.5]	[427.5, 70.5]	[431.5, 74.0]	[428.0, 71.0]	[431.5, 75.0]	[431.5, 79.0]	[435.5, 79.0]	[439.5, 80.5]	[443.5, 84.0]	[447.5, 85.0]	[451.5, 84.5]	[455.5, 82.5]	[459.5, 81.0]	[463.5, 81.0]	[467.5, 82.5]	[471.5, 84.5]	[475.5, 86.5]	[479.5, 89.0]	[483.5, 90.5]	[487.5, 92.0]	[491.5, 98.0]	[495.5, 105.0]	[499.5, 108.5]	[503.5, 110.0]	[507.5, 110.0]	[511.5, 110.0]	[515.5, 110.0]	[519.5, 110.5]	[523.5, 112.0]	[527.5, 114.5]	[531.5, 116.0]	[535.5, 118.5]	[539.5, 121.0]	[543.5, 123.5]	[547.5, 125.0]	[551.5, 125.0]	[555.5, 122.5]	[559.5, 118.0]																															
[558.5, 94.5]	[562.5, 89.5]	[566.5, 87.5]	[570.5, 84.5]	[574.5, 83.0]	[578.5, 81.5]	[582.5, 81.5]	[586.5, 81.5]	[590.5, 82.0]	[594.5, 82.5]	[598.5, 83.0]	[602.5, 85.5]	[606.5, 88.5]	[610.5, 91.0]	[614.5, 91.5]	[618.5, 93.0]	[622.5, 95.5]	[626.5, 96.5]	[630.5, 98.5]																																																																																																																																							
[615.0, 92.0]	[623.0, 96.0]	[631.5, 100.0]	[634.5, 104.0]	[636.5, 104.5]	[640.5, 105.0]	[644.5, 103.0]	[648.5, 102.0]	[652.5, 101.5]	[656.5, 104.0]	[660.5, 106.0]	[664.5, 106.5]	[668.5, 106.5]	[672.5, 107.5]	[676.5, 109.0]	[680.5, 111.0]	[684.5, 112.5]	[688.5, 114.5]	[692.5, 115.5]	[696.5, 115.0]	[700.5, 110.0]	[704.5, 109.0]	[708.5, 108.0]	[712.5, 105.0]	[716.5, 102.5]	[720.5, 102.5]	[724.5, 102.0]	[728.5, 103.0]	[732.5, 104.5]	[736.5, 106.5]	[740.5, 110.5]	[744.5, 111.0]	[748.5, 111.0]	[752.5, 111.0]	[756.5, 111.0]	[760.5, 111.0]	[764.5, 112.0]	[768.5, 111.0]	[767.0, 111.0]	[769.5, 115.0]	[770.0, 119.0]	[770.0, 123.0]	[770.5, 127.0]	[771.0, 131.0]	[771.5, 135.0]	[772.0, 139.0]	[772.5, 143.0]	[773.0, 147.0]	[773.5, 151.0]	[773.5, 155.0]	[774.0, 159.0]	[774.0, 163.0]	[774.0, 167.0]																																																																																																					
[766.5, 186.0]	[770.5, 192.5]	[774.5, 198.0]	[778.5, 203.5]	[782.5, 212.0]	[786.5, 219.5]	[790.5, 225.0]																																																																																																																																																			
[789.0, 244.0]	[793.0, 245.0]	[797.0, 249.5]	[801.0, 254.5]	[805.0, 255.0]	[804.5, 255.0]	[808.5, 259.0]	[808.5, 263.0]	[809.0, 267.0]	[812.0, 271.0]	[817.5, 275.0]	[816.5, 279.0]	[814.0, 283.0]	[814.0, 287.0]	[814.5, 291.0]	[817.0, 295.0]	[819.0, 299.0]	[818.5, 303.0]	[819.5, 307.0]	[821.0, 311.0]	[826.0, 315.0]	[831.0, 319.0]	[833.5, 323.0]	[838.0, 327.0]	[840.5, 331.0]	[841.0, 335.0]	[841.5, 339.0]	[841.5, 343.0]	[842.0, 347.0]	[843.0, 351.0]	[844.5, 355.0]	[848.0, 359.0]	[854.0, 363.0]	[857.0, 367.0]	[859.5, 371.0]	[869.5, 374.5]	[875.5, 378.5]	[878.5, 382.5]	[882.0, 386.5]	[885.0, 390.5]	[894.5, 396.0]	[898.5, 402.0]	[902.5, 405.5]																																																																																																															
[904.5, 421.5]	[908.5, 424.0]	[912.5, 427.0]	[916.5, 434.5]	[920.5, 437.5]	[924.5, 439.0]	[928.5, 439.0]	[932.5, 437.5]	[932.0, 437.5]	[933.5, 435.0]	[937.5, 434.0]	[941.5, 433.5]	[945.5, 433.5]	[949.5, 433.5]	[953.5, 433.5]	[957.5, 432.0]	[961.5, 429.0]	[965.5, 427.5]	[969.5, 427.0]	[973.5, 427.0]	[977.5, 427.5]	[981.5, 427.5]	[985.5, 427.5]	[989.5, 427.5]	[993.5, 426.5]	[997.5, 425.5]	[1001.5, 422.0]	[1005.5, 421.0]	[1009.5, 419.0]	[1013.5, 417.0]	[1017.5, 417.0]	[1015.0, 416.5]	[1019.5, 420.5]	[1019.5, 424.5]	[1019.5, 428.5]	[1019.5, 432.5]	[1020.5, 436.5]	[1022.5, 440.5]	[1017.5, 444.5]	[1015.5, 448.5]	[1015.5, 452.5]	[1014.5, 456.5]	[1013.5, 460.5]	[1011.0, 464.5]	[1008.5, 468.5]	[1004.5, 472.5]	[1002.0, 476.5]	[1000.5, 480.5]	[998.5, 484.5]	[993.5, 488.5]	[991.0, 492.5]	[990.5, 496.5]	[990.5, 500.5]	[989.5, 504.5]	[987.5, 508.5]	[984.0, 512.5]	[980.5, 516.5]	[977.5, 520.5]	[975.5, 524.5]	[972.5, 528.5]	[970.5, 532.5]	[966.5, 536.5]	[962.5, 540.5]	[958.5, 544.5]	[954.5, 548.5]	[949.5, 552.5]	[945.0, 556.5]	[942.5, 560.5]	[938.0, 564.5]	[932.0, 568.5]	[924.5, 572.5]	[919.0, 576.5]	[914.5, 580.5]	[911.0, 584.5]	[906.5, 588.5]	[903.0, 592.5]	[899.0, 596.5]	[895.0, 600.5]	[891.0, 604.5]	[888.5, 608.5]	[887.0, 612.5]	[883.0, 616.5]	[880.0, 620.5]	[873.0, 624.5]	[872.5, 628.5]	[864.5, 632.5]	[861.0, 636.5]	[860.5, 640.5]	[857.0, 644.5]	[854.5, 648.5]	[851.5, 652.5]	[849.0, 656.5]	[846.5, 660.5]	[845.0, 664.5]	[845.0, 668.5]	[843.5, 672.5]	[841.0, 676.5]	[838.5, 680.5]	[839.5, 684.5]	[844.0, 688.5]	[849.0, 692.5]	[850.5, 696.5]	[851.0, 700.5]	[849.5, 704.5]	[847.5, 708.5]	[847.0, 712.5]	[847.5, 716.5]	[848.5, 720.5]	[849.5, 724.5]	[852.5, 728.5]	[853.0, 732.5]	[853.5, 736.5]	[855.5, 740.5]	[861.0, 744.5]	[862.5, 748.5]	[863.0, 752.5]	[863.0, 756.5]	[863.0, 760.5]	[863.0, 764.5]	[864.0, 768.5]	[864.5, 772.5]	[866.5, 776.5]	[866.0, 780.5]	[865.5, 784.5]	[864.5, 788.5]	[864.0, 792.5]	[863.5, 796.5]	[864.0, 800.5]	[866.5, 804.5]	[867.0, 808.5]	[866.5, 812.5]	[865.5, 816.5]	[864.0, 820.5]	[862.0, 824.5]	[862.0, 828.5]	[860.5, 832.5]	[856.0, 836.5]	[854.0, 840.5]	[851.5, 844.5]	[846.0, 848.5]														
[854.0, 839.0]	[858.0, 834.5]																																																																																																																																																								
[850.5, 845.0]	[846.5, 848.0]	[842.5, 851.0]	[838.5, 852.0]	[834.5, 853.0]	[830.5, 853.0]	[826.5, 853.0]	[822.5, 858.0]	[818.5, 861.5]	[814.5, 865.0]	[810.5, 868.5]	[806.5, 872.5]	[802.5, 876.0]	[798.5, 879.5]	[794.5, 883.0]	[790.5, 886.5]	[786.5, 890.0]	[782.5, 894.0]	[778.5, 899.0]	[778.5, 903.5]	[782.5, 908.0]	[786.5, 913.0]																																																																																																																																				
[779.0, 973.0]	[785.5, 969.0]	[790.5, 965.0]	[790.5, 961.0]	[790.5, 957.0]	[790.0, 953.0]	[790.0, 949.0]	[789.5, 945.0]	[789.0, 941.0]	[789.0, 937.0]	[788.5, 933.0]	[788.0, 929.0]	[788.0, 925.0]	[788.0, 921.0]	[788.0, 917.0]	[786.0, 913.0]	[782.5, 909.0]	[779.0, 905.0]	[778.0, 901.0]	[780.0, 897.0]	[783.5, 893.0]	[787.5, 889.0]	[792.0, 885.0]	[796.5, 881.0]	[801.0, 877.0]	[805.5, 873.0]	[810.0, 869.0]	[814.5, 865.0]	[819.0, 861.0]	[823.5, 857.0]	[826.5, 853.0]																																																																																																																											
[920.5, 843.5]	[924.5, 836.0]	[928.5, 833.0]	[932.5, 831.0]	[936.5, 829.5]	[940.5, 828.5]	[944.5, 828.0]	[948.5, 826.5]	[952.5, 825.0]	[956.5, 824.0]	[960.5, 818.0]	[964.5, 815.5]	[968.5, 810.5]																																																																																																																																													
[972.0, 798.5]	[976.0, 792.5]	[980.0, 790.5]																																																																																																																																																							
[984.0, 779.0]	[988.0, 776.0]	[992.0, 774.0]	[996.0, 777.5]	[1000.0, 784.0]	[1004.0, 790.0]																																																																																																																																																				
[1003.5, 804.5]	[1007.5, 807.5]																																																																																																																																																								
[1002.5, 829.0]	[1005.5, 833.0]	[1004.5, 832.0]	[1000.5, 828.5]	[996.5, 831.0]	[998.0, 828.0]	[996.5, 832.0]	[997.0, 836.0]	[996.5, 840.0]	[995.5, 844.0]	[995.0, 848.0]	[994.0, 852.0]	[993.5, 856.0]	[993.0, 860.0]	[992.5, 864.0]	[988.5, 868.0]	[987.5, 872.0]	[986.5, 876.0]	[985.0, 880.0]	[985.0, 884.0]	[985.0, 888.0]	[984.5, 892.0]	[984.0, 896.0]	[983.0, 900.0]	[981.0, 904.0]	[980.0, 908.0]	[978.0, 912.0]	[977.5, 916.0]	[977.0, 920.0]	[975.0, 924.0]	[974.0, 928.0]	[973.5, 932.0]	[973.0, 936.0]	[972.5, 940.0]	[972.0, 944.0]	[971.5, 948.0]	[970.5, 952.0]	[969.0, 956.0]	[967.5, 960.0]	[965.5, 964.0]	[965.0, 968.0]	[962.0, 972.0]	[956.5, 976.0]	[952.5, 980.0]																																																																																																														
[965.0, 962.5]	[969.0, 956.0]																																																																																																																																																								
[978.0, 910.0]	[982.0, 902.0]																																																																																																																																																								
[988.0, 869.0]	[992.0, 864.5]																																																																																																																																																								
[934.5, 830.0]	[926.5, 834.0]	[922.5, 838.0]	[921.0, 842.0]	[920.0, 846.0]	[919.0, 850.0]	[918.5, 854.0]	[918.5, 858.0]	[918.5, 862.0]	[918.0, 866.0]	[918.0, 870.0]	[918.0, 874.0]	[919.5, 878.0]	[920.5, 882.0]	[921.0, 886.0]	[921.5, 890.0]	[921.0, 894.0]	[919.5, 898.0]	[919.5, 902.0]	[918.0, 906.0]	[914.5, 910.0]	[912.5, 914.0]	[908.0, 918.0]	[905.0, 922.0]	[905.5, 926.0]	[906.0, 930.0]	[906.5, 934.0]	[907.0, 938.0]	[907.5, 942.0]	[910.0, 946.0]	[912.0, 950.0]	[911.5, 954.0]	[910.5, 958.0]	[910.5, 962.0]	[911.0, 966.0]	[913.0, 970.0]	[914.5, 974.0]	[918.0, 978.0]	[922.5, 982.0]	[925.5, 986.0]																																																																																																																		
[911.0, 965.0]	[915.0, 974.5]	[919.0, 978.5]	[923.0, 982.5]	[927.0, 986.5]	[931.0, 987.5]	[935.0, 987.5]	[939.0, 984.5]	[943.0, 983.0]	[947.0, 982.5]	[951.0, 982.0]	[955.0, 978.0]	[959.0, 974.0]	[963.0, 971.0]																																																																																																																																												
[911.5, 947.5]	[907.5, 941.5]																																																																																																																																																								
[905.0, 921.0]	[909.0, 917.5]	[913.0, 913.0]	[917.0, 906.5]																																																																																																																																																						
[1007.0, 830.5]	[1007.5, 826.5]	[1008.5, 822.5]	[1009.0, 818.5]	[1009.0, 814.5]	[1008.5, 810.5]	[1004.5, 806.5]	[1003.0, 802.5]	[1005.5, 798.5]	[1005.5, 794.5]	[1004.0, 790.5]	[1001.0, 786.5]	[998.5, 782.5]	[996.5, 778.5]	[993.5, 774.5]	[991.0, 774.0]	[985.5, 778.0]	[984.5, 782.0]	[984.0, 786.0]	[980.5, 790.0]	[974.5, 794.0]	[972.5, 798.0]	[971.5, 802.0]	[971.0, 806.0]	[969.0, 810.0]	[967.5, 814.0]	[960.5, 818.0]	[959.5, 822.0]	[949.5, 826.0]																																																																																																																													
[862.0, 744.5]	[858.0, 742.0]	[854.0, 738.5]																																																																																																																																																							
[847.0, 690.5]	[843.0, 687.5]	[839.0, 683.0]	[838.5, 680.5]	[842.5, 674.0]	[845.0, 663.5]	[849.0, 656.5]	[853.0, 650.0]	[857.0, 644.0]	[861.0, 636.0]	[865.0, 632.5]	[869.0, 631.5]	[873.0, 624.5]	[877.0, 623.5]	[881.0, 618.0]	[885.0, 615.5]	[889.0, 607.5]	[893.0, 602.5]	[897.0, 598.5]	[901.0, 594.5]	[905.0, 590.5]	[909.0, 586.5]	[913.0, 582.5]	[917.0, 578.5]	[921.0, 574.5]	[925.0, 572.5]	[929.0, 570.0]	[933.0, 568.0]	[937.0, 565.5]	[941.0, 562.5]	[945.0, 556.5]	[949.0, 553.0]	[953.0, 549.5]	[957.0, 546.0]	[961.0, 542.0]	[965.0, 538.0]	[969.0, 534.0]	[973.0, 528.0]	[977.0, 521.5]	[981.0, 516.0]	[985.0, 511.5]	[989.0, 505.0]																																																																																																																
[990.5, 493.5]	[994.5, 488.0]	[998.5, 484.5]	[1002.5, 475.5]	[1006.5, 470.5]	[1010.5, 465.0]																																																																																																																																																				
[1015.5, 446.5]	[1019.5, 444.5]																																																																																																																																																								
[1013.0, 417.0]	[1004.5, 421.0]	[998.0, 425.0]																																																																																																																																																							
[963.5, 428.0]	[957.5, 432.0]																																																																																																																																																								
[919.0, 437.0]	[915.0, 433.0]	[913.5, 429.0]	[909.5, 425.0]	[905.0, 421.0]	[906.5, 417.0]	[906.5, 413.0]	[904.5, 409.0]	[901.5, 405.0]	[897.0, 401.0]	[894.5, 397.0]	[893.5, 393.0]	[891.5, 391.5]	[887.5, 392.0]	[883.5, 387.5]	[879.5, 383.5]	[875.5, 378.0]	[871.5, 375.0]	[867.5, 374.0]	[863.5, 373.0]	[859.5, 370.5]	[855.5, 364.5]	[851.5, 360.5]	[847.5, 358.0]	[843.5, 352.5]																																																																																																																																	
[840.5, 331.0]	[836.5, 324.5]	[832.5, 320.0]	[828.5, 316.5]	[824.5, 313.5]	[820.5, 309.5]																																																																																																																																																				
[818.5, 296.5]	[814.5, 290.5]																																																																																																																																																								
[817.5, 273.0]	[813.5, 271.5]	[809.5, 267.5]																																																																																																																																																							
[770.0, 170.0]	[766.0, 167.5]	[762.0, 162.5]	[758.0, 155.5]	[754.0, 150.0]																																																																																																																																																					
[744.0, 144.5]	[748.0, 153.5]	[752.0, 157.0]	[756.0, 163.5]	[760.0, 167.5]	[764.0, 173.5]																																																																																																																																																				
[751.5, 142.5]	[747.5, 135.5]	[743.5, 133.0]	[743.5, 133.0]	[743.0, 137.0]	[743.0, 141.0]	[744.0, 145.0]	[745.5, 149.0]	[747.5, 153.0]	[751.5, 157.0]	[754.5, 161.0]	[756.5, 165.0]	[760.5, 169.0]	[763.0, 173.0]	[765.5, 177.0]	[766.0, 181.0]	[766.0, 185.0]	[768.0, 189.0]	[770.5, 193.0]	[773.5, 197.0]	[776.5, 201.0]	[779.5, 205.0]	[780.5, 209.0]	[783.0, 213.0]	[785.5, 217.0]	[787.0, 221.0]	[790.0, 225.0]	[791.0, 229.0]	[790.5, 233.0]	[788.5, 237.0]	[788.0, 241.0]	[791.5, 245.0]	[796.0, 249.0]	[798.5, 253.0]																																																																																																																								
[767.0, 169.5]	[764.0, 165.5]	[761.0, 161.5]	[759.0, 157.5]	[756.0, 153.5]	[753.5, 149.5]	[753.0, 145.5]	[750.5, 141.5]	[748.0, 137.5]	[746.0, 133.5]																																																																																																																																																
[741.0, 111.0]	[737.0, 107.0]	[728.5, 103.0]																																																																																																																																																							
[716.0, 102.5]	[710.5, 106.5]	[701.5, 109.5]	[698.0, 113.5]	[687.0, 114.5]	[679.5, 110.5]																																																																																																																																																				
[610.0, 91.0]	[604.0, 87.0]	[598.0, 83.0]																																																																																																																																																							
[576.5, 82.0]	[568.0, 86.0]	[562.0, 90.0]	[559.0, 94.0]	[558.0, 98.0]	[559.5, 102.0]	[561.0, 106.0]	[562.5, 110.0]	[562.5, 114.0]	[559.5, 118.0]	[556.0, 122.0]																																																																																																																																															
[542.0, 123.0]	[535.5, 119.0]	[528.5, 115.0]	[521.0, 111.0]																																																																																																																																																						
[501.5, 109.5]	[495.5, 105.5]	[492.5, 101.5]	[491.0, 97.5]	[489.0, 93.5]	[480.0, 89.5]	[473.5, 85.5]	[465.0, 81.5]																																																																																																																																																		
[442.5, 83.5]	[437.0, 79.5]																																																																																																																																																								
[415.0, 58.5]	[419.0, 50.0]	[423.0, 47.0]	[427.0, 44.5]	[427.5, 35.0]	[423.5, 31.5]	[419.5, 26.5]	[419.0, 24.0]	[423.0, 19.0]	[427.0, 16.5]																																																																																																																																																
