[489.0, 18.0]	[468.0, 30.0]	[484.5, 24.0]	[496.5, 21.0]	[508.5, 19.5]	[520.5, 19.5]	[532.5, 22.5]	[544.5, 28.5]	[544.5, 25.5]	[528.0, 18.0]	[508.5, 15.0]	[496.5, 16.5]	[484.5, 19.5]	[472.5, 27.0]	[460.5, 33.0]	[448.5, 36.0]	[444.0, 45.0]	[439.5, 51.0]	[414.0, 63.0]	[397.5, 75.0]	[393.0, 87.0]	[393.0, 99.0]	[382.5, 111.0]																																																																												
[373.5, 123.0]	[366.0, 133.5]	[363.0, 133.5]	[366.0, 121.5]	[381.0, 108.0]	[381.0, 96.0]	[384.0, 91.5]	[384.0, 91.5]	[388.5, 103.5]																																																																																										
[394.5, 81.0]	[406.5, 67.5]	[418.5, 61.5]	[430.5, 55.5]	[442.5, 51.0]	[454.5, 48.0]	[466.5, 45.0]	[478.5, 43.5]	[490.5, 42.0]																																																																																										
[501.0, 52.5]	[513.0, 43.5]	[525.0, 42.0]	[537.0, 46.5]	[535.5, 49.5]	[543.0, 52.5]	[552.0, 70.5]																																																																																												
[552.0, 45.0]	[564.0, 45.0]	[576.0, 48.0]	[588.0, 51.0]	[600.0, 55.5]	[612.0, 61.5]	[624.0, 67.5]	[636.0, 76.5]	[646.5, 87.0]	[657.0, 97.5]	[657.0, 109.5]	[661.5, 117.0]	[667.5, 121.5]	[664.5, 135.0]	[670.5, 138.0]	[664.5, 126.0]																																																																																			
[669.0, 102.0]	[657.0, 96.0]																																																																																																	
[645.0, 84.0]	[666.0, 99.0]	[673.5, 111.0]	[676.5, 123.0]	[679.5, 135.0]	[681.0, 147.0]	[684.0, 159.0]	[691.5, 171.0]	[694.5, 181.5]	[699.0, 193.5]	[706.5, 207.0]	[711.0, 217.5]	[712.5, 229.5]	[712.5, 241.5]	[709.5, 253.5]	[706.5, 265.5]	[709.5, 274.5]	[721.5, 280.5]	[733.5, 295.5]	[745.5, 309.0]	[757.5, 322.5]	[769.5, 336.0]	[781.5, 351.0]	[793.5, 364.5]	[805.5, 378.0]	[817.5, 393.0]	[829.5, 406.5]	[841.5, 420.0]	[853.5, 435.0]	[865.5, 448.5]	[877.5, 462.0]	[889.5, 477.0]	[901.5, 480.0]	[913.5, 481.5]	[925.5, 483.0]	[937.5, 492.0]	[949.5, 507.0]	[961.5, 522.0]	[973.5, 537.0]	[985.5, 553.5]	[997.5, 568.5]	[988.5, 573.0]	[976.5, 558.0]	[964.5, 543.0]	[952.5, 529.5]	[940.5, 514.5]	[928.5, 504.0]	[916.5, 504.0]	[915.0, 502.5]	[927.0, 496.5]	[939.0, 505.5]	[951.0, 520.5]	[963.0, 535.5]	[975.0, 550.5]	[987.0, 565.5]	[999.0, 576.0]																																											
[996.0, 600.0]	[1005.0, 612.0]	[1015.5, 624.0]																																																																																																
[1002.0, 673.5]	[999.0, 673.5]	[991.5, 661.5]	[994.5, 664.5]	[987.0, 661.5]	[981.0, 660.0]	[973.5, 645.0]	[970.5, 633.0]	[954.0, 625.5]																																																																																										
[948.0, 612.0]	[955.5, 622.5]	[958.5, 634.5]	[963.0, 646.5]	[963.0, 637.5]	[973.5, 640.5]																																																																																													
[1020.0, 627.0]	[1008.0, 613.5]	[996.0, 598.5]	[988.5, 583.5]	[976.5, 570.0]	[964.5, 552.0]	[952.5, 540.0]	[940.5, 525.0]	[928.5, 511.5]	[916.5, 513.0]	[913.5, 520.5]	[919.5, 532.5]	[922.5, 544.5]																																																																																						
[912.0, 537.0]	[894.0, 517.5]																																																																																																	
[900.0, 504.0]	[898.5, 516.0]	[904.5, 523.5]	[909.0, 523.5]	[910.5, 535.5]	[919.5, 547.5]	[939.0, 565.5]	[951.0, 571.5]	[963.0, 580.5]	[975.0, 594.0]	[987.0, 607.5]	[987.0, 609.0]	[969.0, 595.5]	[957.0, 583.5]	[955.5, 580.5]	[960.0, 592.5]	[970.5, 604.5]	[982.5, 616.5]	[993.0, 628.5]	[1005.0, 640.5]																																																																															
[975.0, 697.5]	[979.5, 709.5]	[991.5, 717.0]	[994.5, 729.0]	[1000.5, 726.0]	[996.0, 714.0]																																																																																													
[1014.0, 729.0]	[1017.0, 741.0]	[1012.5, 739.5]	[1012.5, 727.5]	[1000.5, 729.0]	[993.0, 720.0]	[991.5, 711.0]	[978.0, 708.0]	[975.0, 709.5]	[972.0, 697.5]	[972.0, 696.0]																																																																																								
[946.5, 687.0]	[948.0, 688.5]	[940.5, 688.5]	[939.0, 676.5]	[936.0, 664.5]	[934.5, 652.5]	[933.0, 640.5]	[928.5, 631.5]	[927.0, 619.5]	[933.0, 619.5]	[927.0, 613.5]																																																																																								
[946.5, 594.0]	[957.0, 606.0]	[970.5, 618.0]	[979.5, 630.0]	[993.0, 642.0]	[1005.0, 654.0]	[1009.5, 666.0]	[1006.5, 678.0]	[1009.5, 675.0]																																																																																										
[981.0, 754.5]	[985.5, 760.5]	[979.5, 765.0]	[981.0, 777.0]	[984.0, 789.0]	[985.5, 801.0]	[987.0, 813.0]	[993.0, 819.0]	[990.0, 831.0]	[991.5, 843.0]	[993.0, 855.0]	[994.5, 867.0]	[996.0, 879.0]	[999.0, 891.0]	[1000.5, 903.0]	[1003.5, 915.0]	[1005.0, 927.0]	[1006.5, 939.0]	[1009.5, 951.0]	[1011.0, 963.0]	[1014.0, 975.0]	[1015.5, 987.0]	[1017.0, 999.0]																																																																												
[1000.5, 994.5]	[994.5, 987.0]	[997.5, 975.0]	[996.0, 963.0]																																																																																															
[991.5, 979.5]	[984.0, 975.0]	[982.5, 963.0]	[981.0, 951.0]	[979.5, 939.0]																																																																																														
[967.5, 952.5]	[969.0, 964.5]	[970.5, 976.5]	[973.5, 990.0]																																																																																															
[961.5, 982.5]	[961.5, 970.5]	[960.0, 958.5]	[958.5, 946.5]	[949.5, 933.0]	[948.0, 921.0]	[949.5, 903.0]	[948.0, 891.0]	[948.0, 888.0]	[952.5, 889.5]	[952.5, 901.5]	[954.0, 913.5]	[955.5, 925.5]	[951.0, 937.5]	[943.5, 939.0]																																																																																				
[933.0, 931.5]	[934.5, 930.0]	[939.0, 924.0]	[933.0, 933.0]	[930.0, 954.0]	[942.0, 952.5]																																																																																													
[933.0, 964.5]	[928.5, 963.0]	[940.5, 961.5]	[952.5, 961.5]	[949.5, 972.0]																																																																																														
[957.0, 981.0]	[955.5, 969.0]	[945.0, 949.5]	[942.0, 949.5]	[937.5, 945.0]	[930.0, 942.0]	[928.5, 930.0]	[930.0, 918.0]	[927.0, 900.0]	[928.5, 888.0]	[925.5, 892.5]	[919.5, 883.5]	[931.5, 883.5]	[921.0, 891.0]	[922.5, 903.0]	[922.5, 916.5]	[924.0, 928.5]	[925.5, 940.5]	[927.0, 952.5]	[928.5, 970.5]	[930.0, 982.5]	[931.5, 984.0]	[933.0, 982.5]	[939.0, 985.5]	[951.0, 985.5]	[969.0, 991.5]																																																																									
[916.5, 987.0]	[904.5, 987.0]	[904.5, 982.5]	[907.5, 981.0]	[907.5, 969.0]	[904.5, 957.0]	[903.0, 945.0]	[901.5, 933.0]	[900.0, 921.0]	[898.5, 909.0]	[897.0, 897.0]	[897.0, 885.0]	[901.5, 874.5]	[889.5, 873.0]	[889.5, 873.0]	[891.0, 885.0]	[891.0, 897.0]	[894.0, 909.0]																																																																																	
[909.0, 922.5]	[910.5, 934.5]	[912.0, 946.5]	[913.5, 958.5]	[916.5, 970.5]	[921.0, 984.0]	[940.5, 990.0]	[952.5, 990.0]	[964.5, 984.0]																																																																																										
[939.0, 919.5]	[927.0, 919.5]	[925.5, 915.0]	[937.5, 915.0]																																																																																															
[972.0, 894.0]	[972.0, 897.0]	[979.5, 898.5]																																																																																																
[979.5, 862.5]	[967.5, 858.0]	[955.5, 853.5]	[943.5, 849.0]	[931.5, 844.5]	[919.5, 840.0]	[907.5, 835.5]	[895.5, 831.0]	[883.5, 826.5]	[871.5, 822.0]	[859.5, 817.5]	[847.5, 813.0]	[835.5, 808.5]	[823.5, 804.0]	[811.5, 799.5]	[799.5, 796.5]	[787.5, 790.5]	[775.5, 786.0]	[763.5, 787.5]																																																																																
[780.0, 789.0]	[813.0, 801.0]	[844.5, 813.0]	[876.0, 825.0]	[907.5, 837.0]																																																																																														
[937.5, 847.5]	[970.5, 859.5]																																																																																																	
[993.0, 861.0]	[1005.0, 862.5]	[1017.0, 867.0]	[1006.5, 867.0]	[994.5, 862.5]	[999.0, 861.0]	[1017.0, 880.5]	[1018.5, 892.5]	[1009.5, 900.0]	[1014.0, 904.5]	[1014.0, 900.0]																																																																																								
[1018.5, 882.0]	[999.0, 865.5]																																																																																																	
[1003.5, 834.0]	[982.5, 829.5]																																																																																																	
[1011.0, 835.5]	[999.0, 831.0]	[987.0, 825.0]	[967.5, 823.5]	[949.5, 808.5]	[940.5, 814.5]	[936.0, 813.0]	[943.5, 805.5]	[937.5, 805.5]	[936.0, 793.5]	[933.0, 781.5]	[931.5, 769.5]	[930.0, 757.5]	[928.5, 745.5]	[924.0, 733.5]																																																																																				
[921.0, 721.5]	[921.0, 721.5]	[924.0, 733.5]	[924.0, 745.5]	[927.0, 757.5]																																																																																														
[948.0, 751.5]	[945.0, 739.5]	[945.0, 738.0]	[949.5, 739.5]	[951.0, 751.5]	[952.5, 763.5]	[954.0, 775.5]	[955.5, 787.5]	[958.5, 799.5]	[960.0, 811.5]	[958.5, 823.5]	[966.0, 826.5]																																																																																							
[1012.5, 826.5]	[1009.5, 814.5]	[1008.0, 802.5]																																																																																																
[1020.0, 784.5]	[1020.0, 772.5]																																																																																																	
[1002.0, 774.0]	[999.0, 762.0]	[1003.5, 762.0]																																																																																																
[912.0, 795.0]	[907.5, 798.0]																																																																																																	
[921.0, 796.5]	[910.5, 793.5]	[909.0, 781.5]	[907.5, 769.5]	[906.0, 757.5]	[904.5, 745.5]	[901.5, 733.5]	[901.5, 721.5]	[904.5, 709.5]	[897.0, 718.5]																																																																																									
[894.0, 703.5]	[894.0, 703.5]	[895.5, 715.5]	[897.0, 727.5]	[898.5, 739.5]	[900.0, 751.5]																																																																																													
[882.0, 778.5]	[885.0, 790.5]	[882.0, 778.5]	[880.5, 766.5]	[877.5, 754.5]	[876.0, 742.5]	[874.5, 730.5]	[873.0, 717.0]	[864.0, 703.5]	[864.0, 691.5]	[867.0, 679.5]	[862.5, 682.5]	[870.0, 687.0]	[870.0, 699.0]	[873.0, 699.0]	[868.5, 711.0]	[870.0, 723.0]	[870.0, 735.0]																																																																																	
[867.0, 700.5]	[867.0, 688.5]	[870.0, 687.0]																																																																																																
[912.0, 663.0]	[924.0, 669.0]	[924.0, 664.5]	[912.0, 660.0]	[913.5, 667.5]	[915.0, 655.5]	[912.0, 643.5]	[910.5, 631.5]	[906.0, 630.0]	[904.5, 618.0]	[903.0, 606.0]	[901.5, 594.0]	[901.5, 592.5]	[906.0, 594.0]	[907.5, 606.0]	[909.0, 619.5]																																																																																			
[886.5, 639.0]	[888.0, 646.5]	[885.0, 637.5]	[897.0, 642.0]	[898.5, 649.5]	[897.0, 643.5]	[888.0, 631.5]	[885.0, 619.5]	[883.5, 607.5]	[882.0, 595.5]	[880.5, 583.5]	[880.5, 570.0]	[874.5, 568.5]																																																																																						
[873.0, 556.5]	[874.5, 568.5]	[876.0, 580.5]	[877.5, 592.5]	[879.0, 604.5]	[880.5, 616.5]	[883.5, 628.5]	[886.5, 640.5]	[894.0, 652.5]																																																																																										
[867.0, 624.0]	[855.0, 613.5]	[858.0, 618.0]	[858.0, 612.0]	[856.5, 598.5]	[855.0, 586.5]	[853.5, 574.5]	[852.0, 562.5]	[855.0, 550.5]	[856.5, 549.0]	[844.5, 538.5]	[844.5, 538.5]	[844.5, 550.5]	[847.5, 562.5]	[849.0, 574.5]	[850.5, 586.5]	[852.0, 598.5]	[853.5, 610.5]	[856.5, 622.5]																																																																																
[838.5, 655.5]	[826.5, 649.5]	[826.5, 649.5]	[841.5, 661.5]	[840.0, 670.5]	[837.0, 682.5]	[838.5, 694.5]	[840.0, 706.5]	[841.5, 718.5]	[843.0, 730.5]	[844.5, 742.5]	[846.0, 754.5]	[846.0, 766.5]	[852.0, 774.0]	[852.0, 769.5]	[844.5, 771.0]	[841.5, 765.0]																																																																																		
[811.5, 750.0]	[799.5, 748.5]	[799.5, 750.0]	[798.0, 745.5]																																																																																															
[784.5, 730.5]	[772.5, 726.0]																																																																																																	
[754.5, 720.0]	[742.5, 708.0]	[730.5, 702.0]																																																																																																
[735.0, 754.5]	[759.0, 766.5]	[762.0, 784.5]	[769.5, 783.0]	[781.5, 784.5]	[793.5, 789.0]	[805.5, 793.5]	[817.5, 798.0]	[829.5, 802.5]	[841.5, 807.0]	[853.5, 811.5]	[865.5, 816.0]	[877.5, 820.5]	[889.5, 825.0]	[901.5, 829.5]	[913.5, 834.0]	[925.5, 838.5]	[937.5, 843.0]	[949.5, 847.5]	[961.5, 852.0]	[973.5, 856.5]																																																																														
[853.5, 862.5]	[853.5, 874.5]	[855.0, 886.5]	[858.0, 898.5]	[858.0, 910.5]	[861.0, 922.5]																																																																																													
[880.5, 957.0]	[882.0, 969.0]	[876.0, 976.5]	[871.5, 985.5]	[883.5, 987.0]	[885.0, 979.5]	[876.0, 990.0]	[870.0, 981.0]	[870.0, 982.5]	[873.0, 970.5]	[871.5, 958.5]	[868.5, 946.5]	[867.0, 934.5]	[865.5, 922.5]	[864.0, 910.5]	[862.5, 897.0]	[861.0, 885.0]	[862.5, 873.0]	[865.5, 865.5]	[853.5, 862.5]																																																																															
[810.0, 850.5]	[811.5, 862.5]	[813.0, 874.5]	[813.0, 886.5]	[816.0, 900.0]	[817.5, 912.0]	[819.0, 924.0]																																																																																												
[771.0, 942.0]	[772.5, 954.0]	[774.0, 966.0]	[780.0, 963.0]																																																																																															
[777.0, 982.5]	[765.0, 982.5]	[753.0, 982.5]																																																																																																
[789.0, 1015.5]	[801.0, 1015.5]																																																																																																	
[826.5, 990.0]	[838.5, 990.0]	[841.5, 985.5]	[829.5, 985.5]																																																																																															
[846.0, 978.0]	[834.0, 981.0]	[828.0, 978.0]	[826.5, 984.0]	[831.0, 969.0]	[829.5, 957.0]	[828.0, 945.0]	[826.5, 933.0]	[825.0, 921.0]	[823.5, 909.0]	[823.5, 895.5]	[822.0, 883.5]	[820.5, 871.5]	[825.0, 859.5]	[822.0, 853.5]	[810.0, 850.5]																																																																																			
[751.5, 880.5]	[739.5, 877.5]	[738.0, 870.0]	[750.0, 876.0]																																																																																															
[757.5, 825.0]	[745.5, 822.0]	[733.5, 820.5]	[733.5, 820.5]	[733.5, 832.5]	[735.0, 844.5]	[736.5, 856.5]	[736.5, 868.5]	[738.0, 880.5]	[739.5, 892.5]	[741.0, 904.5]	[741.0, 916.5]	[742.5, 928.5]	[744.0, 940.5]	[745.5, 952.5]	[745.5, 964.5]	[753.0, 973.5]	[747.0, 976.5]	[754.5, 978.0]	[766.5, 978.0]	[778.5, 978.0]																																																																														
[753.0, 817.5]	[741.0, 814.5]	[729.0, 811.5]	[727.5, 808.5]	[739.5, 810.0]	[751.5, 813.0]	[757.5, 826.5]	[750.0, 838.5]	[748.5, 850.5]	[750.0, 862.5]	[751.5, 874.5]	[751.5, 888.0]	[753.0, 900.0]	[754.5, 912.0]	[756.0, 924.0]	[757.5, 936.0]	[757.5, 948.0]	[759.0, 960.0]	[753.0, 973.5]	[765.0, 975.0]	[777.0, 975.0]																																																																														
[592.5, 985.5]	[580.5, 988.5]	[568.5, 987.0]																																																																																																
[583.5, 976.5]	[571.5, 976.5]	[559.5, 976.5]	[547.5, 976.5]	[535.5, 976.5]	[523.5, 976.5]	[511.5, 976.5]	[507.0, 970.5]	[519.0, 967.5]	[531.0, 966.0]	[543.0, 964.5]																																																																																								
[570.0, 966.0]	[558.0, 966.0]	[546.0, 969.0]	[547.5, 954.0]	[547.5, 942.0]	[547.5, 930.0]	[547.5, 918.0]	[546.0, 906.0]	[546.0, 894.0]	[546.0, 882.0]	[546.0, 870.0]	[532.5, 870.0]	[520.5, 870.0]	[508.5, 871.5]																																																																																					
[508.5, 856.5]	[520.5, 856.5]	[532.5, 856.5]	[544.5, 856.5]	[556.5, 856.5]	[568.5, 856.5]																																																																																													
[570.0, 870.0]	[558.0, 870.0]	[546.0, 870.0]	[538.5, 871.5]	[540.0, 883.5]	[540.0, 895.5]	[540.0, 907.5]	[541.5, 925.5]	[540.0, 937.5]	[541.5, 949.5]	[541.5, 961.5]																																																																																								
[582.0, 961.5]	[580.5, 949.5]	[580.5, 937.5]	[580.5, 925.5]	[580.5, 909.0]	[579.0, 897.0]	[579.0, 885.0]	[579.0, 873.0]	[574.5, 852.0]	[574.5, 840.0]	[573.0, 828.0]	[576.0, 816.0]	[576.0, 807.0]	[564.0, 807.0]	[552.0, 807.0]	[540.0, 807.0]	[528.0, 807.0]	[516.0, 807.0]	[504.0, 808.5]	[505.5, 807.0]	[504.0, 819.0]	[504.0, 831.0]	[504.0, 843.0]	[504.0, 855.0]	[504.0, 867.0]	[505.5, 879.0]	[505.5, 891.0]	[505.5, 903.0]	[505.5, 915.0]	[505.5, 927.0]	[505.5, 939.0]	[505.5, 951.0]	[505.5, 963.0]	[499.5, 978.0]	[505.5, 990.0]	[510.0, 990.0]	[522.0, 987.0]																																																														
[501.0, 981.0]	[513.0, 985.5]	[525.0, 982.5]	[537.0, 982.5]	[549.0, 982.5]	[561.0, 982.5]	[573.0, 982.5]	[585.0, 985.5]																																																																																											
[577.5, 918.0]	[565.5, 918.0]	[553.5, 919.5]	[534.0, 919.5]	[522.0, 919.5]	[510.0, 919.5]	[510.0, 915.0]	[522.0, 915.0]	[534.0, 915.0]	[552.0, 915.0]	[564.0, 915.0]	[576.0, 915.0]																																																																																							
[573.0, 861.0]	[561.0, 861.0]	[549.0, 861.0]	[537.0, 861.0]	[525.0, 861.0]	[513.0, 861.0]	[508.5, 865.5]	[511.5, 850.5]	[508.5, 838.5]	[510.0, 826.5]	[508.5, 822.0]	[520.5, 819.0]	[532.5, 813.0]	[544.5, 817.5]	[555.0, 823.5]	[567.0, 819.0]	[580.5, 810.0]	[577.5, 819.0]	[577.5, 831.0]	[577.5, 843.0]	[577.5, 855.0]																																																																														
[543.0, 820.5]	[531.0, 819.0]																																																																																																	
[619.5, 742.5]	[631.5, 742.5]	[643.5, 744.0]	[655.5, 744.0]	[667.5, 745.5]	[679.5, 747.0]	[691.5, 750.0]	[703.5, 751.5]	[715.5, 754.5]	[727.5, 757.5]	[739.5, 760.5]	[751.5, 765.0]	[756.0, 763.5]	[744.0, 757.5]	[732.0, 753.0]	[720.0, 750.0]	[708.0, 747.0]	[696.0, 745.5]	[684.0, 744.0]	[672.0, 742.5]	[660.0, 741.0]	[648.0, 739.5]	[636.0, 738.0]	[624.0, 738.0]	[612.0, 736.5]	[600.0, 736.5]	[588.0, 735.0]	[576.0, 735.0]	[564.0, 735.0]	[552.0, 735.0]	[540.0, 735.0]	[528.0, 735.0]	[516.0, 735.0]	[504.0, 735.0]	[492.0, 735.0]	[480.0, 735.0]	[468.0, 736.5]	[456.0, 736.5]	[444.0, 738.0]	[432.0, 739.5]	[420.0, 739.5]	[408.0, 741.0]	[396.0, 742.5]	[384.0, 744.0]	[372.0, 745.5]	[360.0, 753.0]	[348.0, 754.5]	[336.0, 757.5]	[324.0, 760.5]	[312.0, 765.0]	[300.0, 769.5]	[288.0, 777.0]	[273.0, 784.5]	[261.0, 786.0]	[256.5, 783.0]	[255.0, 777.0]	[249.0, 789.0]	[261.0, 777.0]	[262.5, 765.0]	[265.5, 756.0]	[265.5, 744.0]	[267.0, 732.0]	[268.5, 720.0]	[268.5, 708.0]	[270.0, 696.0]	[270.0, 684.0]	[271.5, 672.0]	[271.5, 660.0]	[273.0, 648.0]	[274.5, 636.0]	[274.5, 624.0]	[276.0, 612.0]	[276.0, 600.0]	[277.5, 588.0]	[277.5, 576.0]	[279.0, 564.0]	[279.0, 552.0]	[280.5, 540.0]	[280.5, 528.0]	[282.0, 516.0]	[282.0, 504.0]	[283.5, 492.0]	[283.5, 480.0]	[285.0, 468.0]	[286.5, 456.0]	[286.5, 444.0]	[286.5, 432.0]	[280.5, 432.0]	[268.5, 439.5]	[256.5, 448.5]	[244.5, 457.5]	[237.0, 453.0]	[222.0, 465.0]						
[232.5, 477.0]	[244.5, 465.0]	[249.0, 462.0]	[234.0, 474.0]	[240.0, 486.0]	[238.5, 498.0]	[237.0, 511.5]	[235.5, 523.5]	[235.5, 535.5]	[234.0, 547.5]	[234.0, 558.0]	[231.0, 564.0]	[222.0, 568.5]	[229.5, 553.5]	[241.5, 549.0]	[250.5, 549.0]	[249.0, 534.0]	[250.5, 522.0]	[252.0, 510.0]	[252.0, 498.0]	[244.5, 489.0]	[249.0, 477.0]	[255.0, 465.0]	[244.5, 484.5]	[253.5, 478.5]	[252.0, 490.5]	[244.5, 511.5]	[243.0, 523.5]	[243.0, 535.5]	[240.0, 547.5]	[247.5, 555.0]	[235.5, 561.0]	[223.5, 568.5]	[219.0, 559.5]	[226.5, 547.5]	[226.5, 535.5]	[228.0, 523.5]	[229.5, 511.5]	[229.5, 499.5]	[231.0, 487.5]	[234.0, 480.0]																																																										
[246.0, 531.0]	[246.0, 543.0]																																																																																																	
[238.5, 555.0]	[226.5, 559.5]																																																																																																	
[193.5, 565.5]	[193.5, 553.5]	[195.0, 541.5]	[189.0, 541.5]																																																																																															
[196.5, 519.0]	[204.0, 504.0]	[198.0, 516.0]	[196.5, 528.0]	[201.0, 540.0]	[199.5, 552.0]	[199.5, 564.0]	[198.0, 576.0]	[195.0, 586.5]	[174.0, 591.0]	[181.5, 594.0]	[193.5, 588.0]																																																																																							
[219.0, 639.0]	[231.0, 633.0]	[238.5, 628.5]	[219.0, 640.5]	[217.5, 652.5]	[216.0, 664.5]	[214.5, 676.5]	[213.0, 688.5]	[213.0, 700.5]	[211.5, 712.5]	[210.0, 724.5]	[210.0, 736.5]	[208.5, 748.5]	[207.0, 754.5]	[228.0, 751.5]	[244.5, 733.5]	[256.5, 729.0]	[250.5, 730.5]	[247.5, 736.5]	[259.5, 732.0]																																																																															
[231.0, 718.5]	[231.0, 730.5]	[229.5, 744.0]																																																																																																
[246.0, 768.0]	[258.0, 765.0]	[249.0, 766.5]	[250.5, 778.5]																																																																																															
[297.0, 822.0]	[309.0, 819.0]	[321.0, 816.0]	[333.0, 813.0]																																																																																															
[330.0, 834.0]	[325.5, 829.5]	[313.5, 834.0]	[301.5, 831.0]	[300.0, 828.0]	[312.0, 825.0]	[324.0, 822.0]	[330.0, 820.5]	[334.5, 832.5]	[321.0, 835.5]	[319.5, 847.5]	[319.5, 859.5]	[333.0, 868.5]	[327.0, 882.0]	[325.5, 894.0]	[325.5, 906.0]	[325.5, 918.0]	[324.0, 930.0]	[324.0, 942.0]	[322.5, 954.0]	[322.5, 966.0]	[327.0, 978.0]	[328.5, 987.0]																																																																												
[313.5, 969.0]	[313.5, 957.0]	[315.0, 945.0]	[315.0, 933.0]	[321.0, 918.0]	[321.0, 906.0]	[322.5, 894.0]	[313.5, 889.5]	[313.5, 889.5]	[312.0, 901.5]	[312.0, 913.5]	[319.5, 930.0]	[319.5, 942.0]	[319.5, 954.0]	[318.0, 966.0]	[325.5, 972.0]	[328.5, 960.0]	[328.5, 948.0]	[330.0, 936.0]	[330.0, 919.5]	[331.5, 907.5]	[331.5, 895.5]	[331.5, 883.5]	[321.0, 883.5]	[309.0, 885.0]	[307.5, 879.0]	[319.5, 876.0]	[331.5, 871.5]	[331.5, 867.0]																																																																						
[318.0, 892.5]	[316.5, 904.5]	[316.5, 916.5]	[312.0, 928.5]	[310.5, 943.5]	[309.0, 955.5]	[309.0, 967.5]																																																																																												
[324.0, 993.0]	[312.0, 991.5]	[300.0, 993.0]	[288.0, 994.5]																																																																																															
[247.5, 952.5]	[235.5, 951.0]	[223.5, 951.0]	[219.0, 949.5]	[231.0, 933.0]	[243.0, 933.0]	[246.0, 937.5]	[250.5, 949.5]	[250.5, 957.0]	[246.0, 969.0]	[232.5, 981.0]	[226.5, 993.0]	[225.0, 1005.0]	[225.0, 1017.0]																																																																																					
[207.0, 997.5]	[204.0, 993.0]	[213.0, 976.5]	[214.5, 964.5]	[216.0, 952.5]	[208.5, 937.5]	[213.0, 925.5]	[213.0, 913.5]	[210.0, 904.5]	[208.5, 910.5]																																																																																									
[207.0, 898.5]	[219.0, 895.5]																																																																																																	
[210.0, 864.0]	[210.0, 876.0]	[207.0, 888.0]	[207.0, 904.5]	[202.5, 916.5]	[202.5, 928.5]	[201.0, 940.5]	[199.5, 952.5]	[198.0, 964.5]	[196.5, 976.5]	[187.5, 972.0]	[187.5, 960.0]	[189.0, 948.0]	[190.5, 936.0]	[192.0, 924.0]	[192.0, 912.0]	[193.5, 900.0]	[195.0, 888.0]	[196.5, 876.0]	[198.0, 864.0]	[201.0, 861.0]	[201.0, 861.0]	[205.5, 873.0]	[204.0, 885.0]																																																																											
[198.0, 858.0]	[210.0, 855.0]	[222.0, 853.5]	[222.0, 864.0]	[222.0, 876.0]	[220.5, 888.0]	[219.0, 904.5]	[219.0, 916.5]	[217.5, 928.5]	[217.5, 940.5]	[210.0, 952.5]	[208.5, 964.5]	[207.0, 976.5]	[207.0, 981.0]	[220.5, 982.5]	[234.0, 978.0]	[246.0, 967.5]	[249.0, 976.5]	[247.5, 988.5]	[247.5, 1000.5]	[247.5, 1012.5]																																																																														
[265.5, 981.0]	[253.5, 981.0]	[241.5, 981.0]	[220.5, 966.0]	[225.0, 957.0]	[237.0, 957.0]																																																																																													
[232.5, 931.5]	[222.0, 943.5]	[219.0, 955.5]	[220.5, 967.5]	[228.0, 979.5]	[231.0, 993.0]	[229.5, 1005.0]	[229.5, 1017.0]																																																																																											
[196.5, 996.0]	[184.5, 997.5]	[180.0, 991.5]	[192.0, 991.5]	[204.0, 993.0]	[204.0, 987.0]	[192.0, 987.0]	[180.0, 988.5]																																																																																											
[157.5, 978.0]	[159.0, 966.0]	[160.5, 954.0]	[162.0, 942.0]	[163.5, 930.0]	[163.5, 918.0]	[151.5, 915.0]	[151.5, 904.5]	[163.5, 903.0]																																																																																										
[153.0, 874.5]	[153.0, 886.5]	[153.0, 898.5]	[151.5, 915.0]	[150.0, 927.0]	[148.5, 939.0]	[147.0, 951.0]	[145.5, 963.0]	[145.5, 975.0]																																																																																										
[135.0, 969.0]	[136.5, 957.0]	[138.0, 945.0]	[139.5, 933.0]	[139.5, 921.0]	[141.0, 909.0]	[142.5, 897.0]	[144.0, 885.0]	[147.0, 873.0]	[148.5, 873.0]	[145.5, 870.0]	[157.5, 867.0]	[163.5, 865.5]	[166.5, 877.5]	[166.5, 889.5]	[165.0, 901.5]	[159.0, 915.0]	[157.5, 927.0]	[156.0, 939.0]	[154.5, 954.0]	[153.0, 966.0]	[151.5, 978.0]	[151.5, 975.0]																																																																												
[154.5, 990.0]	[142.5, 990.0]	[130.5, 990.0]	[127.5, 994.5]	[139.5, 994.5]	[151.5, 993.0]	[153.0, 997.5]	[141.0, 997.5]	[129.0, 999.0]																																																																																										
[204.0, 984.0]	[192.0, 984.0]	[180.0, 985.5]	[168.0, 984.0]	[156.0, 985.5]	[144.0, 987.0]	[132.0, 987.0]	[120.0, 987.0]	[103.5, 981.0]	[91.5, 988.5]	[85.5, 999.0]	[90.0, 979.5]	[90.0, 967.5]	[91.5, 955.5]	[93.0, 943.5]	[94.5, 931.5]	[96.0, 919.5]	[97.5, 907.5]	[99.0, 895.5]	[102.0, 883.5]	[103.5, 883.5]	[102.0, 879.0]	[114.0, 877.5]	[120.0, 880.5]	[118.5, 892.5]	[117.0, 904.5]	[106.5, 921.0]	[105.0, 933.0]	[103.5, 945.0]	[102.0, 957.0]	[100.5, 969.0]	[99.0, 981.0]	[100.5, 1000.5]																																																																		
[67.5, 990.0]	[58.5, 981.0]	[60.0, 969.0]	[63.0, 957.0]	[63.0, 945.0]	[66.0, 933.0]	[75.0, 916.5]	[76.5, 904.5]	[78.0, 892.5]	[75.0, 885.0]	[63.0, 888.0]	[64.5, 891.0]	[63.0, 891.0]	[60.0, 903.0]	[58.5, 915.0]	[57.0, 927.0]																																																																																			
[67.5, 892.5]	[69.0, 904.5]	[67.5, 916.5]	[72.0, 933.0]	[70.5, 945.0]	[69.0, 957.0]	[67.5, 969.0]	[66.0, 981.0]	[61.5, 987.0]	[69.0, 990.0]	[81.0, 988.5]	[87.0, 996.0]	[99.0, 996.0]	[99.0, 991.5]	[103.5, 988.5]																																																																																				
[57.0, 997.5]	[45.0, 999.0]	[45.0, 994.5]	[57.0, 993.0]																																																																																															
[30.0, 987.0]	[31.5, 975.0]	[33.0, 963.0]	[34.5, 951.0]	[36.0, 939.0]	[39.0, 922.5]	[40.5, 910.5]	[42.0, 898.5]	[30.0, 898.5]	[33.0, 900.0]	[33.0, 912.0]	[31.5, 924.0]	[31.5, 936.0]	[28.5, 948.0]	[27.0, 960.0]	[25.5, 972.0]	[24.0, 984.0]																																																																																		
[24.0, 1002.0]	[12.0, 1002.0]	[12.0, 999.0]	[24.0, 997.5]	[22.5, 991.5]	[10.5, 999.0]	[12.0, 991.5]	[0.0, 993.0]																																																																																											
[0.0, 1011.0]	[12.0, 1018.5]																																																																																																	
[49.5, 990.0]	[37.5, 990.0]	[25.5, 991.5]	[18.0, 994.5]	[16.5, 975.0]	[18.0, 963.0]	[19.5, 951.0]	[21.0, 939.0]	[22.5, 927.0]	[24.0, 915.0]	[27.0, 903.0]	[40.5, 894.0]	[28.5, 895.5]																																																																																						
[0.0, 901.5]	[9.0, 903.0]	[7.5, 915.0]	[6.0, 927.0]	[3.0, 943.5]	[1.5, 955.5]	[1.5, 967.5]																																																																																												
[4.5, 933.0]	[1.5, 921.0]	[4.5, 909.0]	[0.0, 906.0]																																																																																															
[0.0, 865.5]	[12.0, 862.5]	[24.0, 858.0]	[36.0, 855.0]	[48.0, 852.0]	[60.0, 847.5]	[72.0, 844.5]	[84.0, 841.5]	[96.0, 837.0]	[108.0, 834.0]	[120.0, 831.0]	[132.0, 826.5]	[144.0, 823.5]	[156.0, 820.5]	[168.0, 816.0]	[180.0, 813.0]	[192.0, 810.0]	[204.0, 805.5]	[216.0, 802.5]	[228.0, 799.5]	[240.0, 795.0]	[252.0, 792.0]	[264.0, 789.0]	[273.0, 795.0]																																																																											
[240.0, 792.0]	[228.0, 795.0]	[216.0, 798.0]	[204.0, 802.5]	[192.0, 805.5]	[180.0, 808.5]	[168.0, 813.0]	[156.0, 816.0]	[144.0, 819.0]	[132.0, 823.5]	[120.0, 826.5]	[108.0, 829.5]	[96.0, 834.0]	[84.0, 837.0]	[72.0, 840.0]	[60.0, 844.5]	[48.0, 847.5]	[36.0, 850.5]	[24.0, 855.0]	[12.0, 858.0]	[0.0, 861.0]																																																																														
[85.5, 802.5]	[73.5, 805.5]	[72.0, 805.5]	[75.0, 790.5]	[76.5, 778.5]	[78.0, 766.5]	[81.0, 754.5]	[82.5, 742.5]	[84.0, 730.5]	[85.5, 718.5]	[87.0, 706.5]	[99.0, 699.0]	[87.0, 705.0]	[85.5, 712.5]	[93.0, 714.0]	[91.5, 726.0]	[94.5, 742.5]	[94.5, 754.5]	[93.0, 766.5]	[91.5, 778.5]	[90.0, 790.5]	[84.0, 802.5]																																																																													
[132.0, 781.5]	[133.5, 769.5]	[135.0, 757.5]	[136.5, 745.5]	[138.0, 733.5]	[130.5, 724.5]	[127.5, 727.5]	[139.5, 709.5]																																																																																											
[127.5, 690.0]	[132.0, 696.0]	[130.5, 708.0]	[130.5, 720.0]	[133.5, 733.5]	[132.0, 745.5]	[130.5, 757.5]	[129.0, 769.5]	[126.0, 781.5]																																																																																										
[162.0, 771.0]	[166.5, 759.0]	[168.0, 747.0]	[169.5, 735.0]	[171.0, 723.0]	[172.5, 711.0]	[184.5, 699.0]	[180.0, 687.0]	[183.0, 675.0]	[189.0, 663.0]	[183.0, 669.0]																																																																																								
[171.0, 667.5]	[175.5, 676.5]	[174.0, 688.5]	[178.5, 705.0]	[177.0, 717.0]	[175.5, 729.0]	[175.5, 741.0]	[174.0, 753.0]	[171.0, 765.0]																																																																																										
[226.5, 748.5]	[214.5, 756.0]	[216.0, 751.5]	[219.0, 739.5]	[219.0, 727.5]	[220.5, 715.5]	[222.0, 703.5]	[222.0, 691.5]	[229.5, 679.5]	[232.5, 670.5]	[232.5, 658.5]	[235.5, 646.5]	[241.5, 634.5]	[234.0, 648.0]	[240.0, 643.5]	[240.0, 655.5]	[238.5, 667.5]	[238.5, 685.5]	[237.0, 697.5]	[235.5, 709.5]	[235.5, 721.5]	[234.0, 733.5]	[232.5, 745.5]																																																																												
[223.5, 684.0]	[235.5, 676.5]	[235.5, 672.0]	[223.5, 672.0]																																																																																															
[220.5, 643.5]	[226.5, 649.5]	[225.0, 661.5]	[223.5, 673.5]	[229.5, 690.0]	[229.5, 702.0]	[228.0, 714.0]	[228.0, 726.0]	[226.5, 738.0]																																																																																										
[184.5, 699.0]	[172.5, 705.0]	[172.5, 696.0]	[184.5, 706.5]	[184.5, 718.5]	[183.0, 730.5]	[181.5, 742.5]	[180.0, 754.5]	[178.5, 766.5]	[178.5, 766.5]	[166.5, 774.0]	[163.5, 771.0]	[157.5, 766.5]	[159.0, 754.5]	[160.5, 742.5]	[162.0, 730.5]	[163.5, 718.5]	[163.5, 706.5]	[165.0, 694.5]	[166.5, 682.5]	[169.5, 670.5]	[180.0, 658.5]	[181.5, 658.5]	[169.5, 664.5]																																																																											
[142.5, 679.5]	[139.5, 691.5]	[138.0, 703.5]	[138.0, 715.5]	[127.5, 729.0]	[126.0, 741.0]	[124.5, 753.0]	[124.5, 765.0]	[121.5, 777.0]	[132.0, 780.0]	[124.5, 789.0]	[112.5, 792.0]	[111.0, 792.0]	[114.0, 780.0]	[115.5, 768.0]	[117.0, 756.0]	[118.5, 744.0]	[120.0, 732.0]	[121.5, 720.0]	[123.0, 708.0]	[124.5, 696.0]	[129.0, 684.0]	[138.0, 679.5]	[126.0, 685.5]																																																																											
[102.0, 700.5]	[100.5, 712.5]	[99.0, 724.5]	[91.5, 741.0]	[88.5, 753.0]	[87.0, 765.0]	[85.5, 777.0]	[84.0, 789.0]																																																																																											
[52.5, 811.5]	[54.0, 799.5]	[57.0, 787.5]	[58.5, 775.5]	[60.0, 763.5]	[57.0, 745.5]	[58.5, 733.5]	[54.0, 726.0]	[52.5, 723.0]	[64.5, 717.0]	[54.0, 726.0]	[51.0, 738.0]	[48.0, 750.0]	[46.5, 762.0]	[45.0, 774.0]	[43.5, 786.0]	[42.0, 798.0]	[40.5, 810.0]	[39.0, 814.5]	[43.5, 817.5]																																																																															
[13.5, 828.0]	[7.5, 825.0]	[9.0, 819.0]	[12.0, 807.0]	[13.5, 795.0]	[15.0, 783.0]	[16.5, 771.0]	[19.5, 759.0]	[21.0, 747.0]	[28.5, 735.0]	[22.5, 738.0]	[25.5, 742.5]	[25.5, 754.5]	[27.0, 766.5]	[22.5, 778.5]	[21.0, 790.5]	[19.5, 802.5]	[16.5, 814.5]																																																																																	
[1.5, 777.0]	[3.0, 765.0]	[4.5, 753.0]	[0.0, 750.0]																																																																																															
[34.5, 733.5]	[33.0, 745.5]	[31.5, 757.5]	[28.5, 774.0]	[25.5, 786.0]	[24.0, 798.0]	[22.5, 810.0]	[21.0, 822.0]																																																																																											
[109.5, 885.0]	[108.0, 897.0]	[108.0, 909.0]	[112.5, 925.5]	[111.0, 937.5]	[109.5, 949.5]	[109.5, 961.5]	[106.5, 973.5]	[108.0, 978.0]																																																																																										
[268.5, 1020.0]	[270.0, 1008.0]	[270.0, 996.0]	[271.5, 984.0]	[274.5, 972.0]	[274.5, 960.0]	[274.5, 948.0]	[276.0, 936.0]																																																																																											
[307.5, 928.5]	[319.5, 924.0]	[328.5, 927.0]																																																																																																
[303.0, 964.5]	[304.5, 952.5]	[306.0, 940.5]	[307.5, 928.5]	[306.0, 916.5]	[307.5, 904.5]	[309.0, 892.5]	[307.5, 880.5]	[309.0, 868.5]	[310.5, 856.5]	[310.5, 844.5]	[315.0, 832.5]	[309.0, 825.0]	[300.0, 837.0]	[298.5, 849.0]	[297.0, 861.0]	[297.0, 873.0]	[297.0, 885.0]	[295.5, 897.0]	[295.5, 909.0]	[294.0, 921.0]	[294.0, 933.0]	[292.5, 945.0]	[292.5, 957.0]	[291.0, 969.0]	[288.0, 990.0]	[289.5, 988.5]	[301.5, 987.0]	[313.5, 987.0]																																																																						
[307.5, 814.5]	[298.5, 817.5]	[310.5, 814.5]	[322.5, 811.5]	[334.5, 808.5]																																																																																														
[327.0, 759.0]	[295.5, 771.0]																																																																																																	
[331.5, 753.0]	[298.5, 765.0]	[295.5, 766.5]	[307.5, 762.0]	[319.5, 757.5]	[331.5, 753.0]	[343.5, 751.5]	[355.5, 748.5]	[370.5, 751.5]	[382.5, 748.5]	[394.5, 747.0]	[406.5, 745.5]	[418.5, 745.5]	[430.5, 744.0]	[442.5, 742.5]	[454.5, 741.0]	[466.5, 741.0]	[478.5, 739.5]																																																																																	
[510.0, 657.0]	[511.5, 661.5]	[513.0, 645.0]	[510.0, 652.5]	[520.5, 658.5]	[526.5, 661.5]																																																																																													
[523.5, 648.0]	[516.0, 651.0]																																																																																																	
[507.0, 636.0]	[510.0, 628.5]	[522.0, 628.5]	[534.0, 628.5]	[550.5, 628.5]	[562.5, 628.5]	[559.5, 634.5]	[547.5, 634.5]	[541.5, 631.5]	[553.5, 631.5]																																																																																									
[565.5, 625.5]	[565.5, 613.5]	[564.0, 601.5]	[565.5, 589.5]	[570.0, 570.0]	[570.0, 558.0]	[561.0, 547.5]	[549.0, 547.5]	[537.0, 546.0]	[525.0, 546.0]	[513.0, 546.0]	[501.0, 547.5]	[505.5, 552.0]	[504.0, 564.0]	[502.5, 582.0]	[514.5, 579.0]	[526.5, 579.0]	[538.5, 579.0]	[550.5, 579.0]	[562.5, 577.5]																																																																															
[507.0, 586.5]	[519.0, 586.5]	[531.0, 586.5]	[543.0, 588.0]	[555.0, 588.0]	[567.0, 589.5]	[568.5, 607.5]	[568.5, 619.5]	[565.5, 640.5]	[567.0, 652.5]	[567.0, 664.5]	[571.5, 666.0]	[571.5, 654.0]																																																																																						
[540.0, 670.5]	[540.0, 658.5]	[540.0, 646.5]	[532.5, 642.0]	[525.0, 631.5]	[513.0, 631.5]																																																																																													
[507.0, 595.5]	[505.5, 607.5]	[505.5, 619.5]	[505.5, 631.5]	[504.0, 649.5]	[513.0, 639.0]	[525.0, 639.0]	[529.5, 646.5]	[549.0, 639.0]	[561.0, 639.0]																																																																																									
[565.5, 582.0]	[553.5, 582.0]	[541.5, 582.0]	[529.5, 582.0]	[517.5, 582.0]	[505.5, 585.0]	[504.0, 595.5]	[516.0, 595.5]	[528.0, 595.5]	[541.5, 595.5]	[553.5, 595.5]																																																																																								
[564.0, 525.0]	[552.0, 523.5]	[540.0, 523.5]	[528.0, 523.5]	[516.0, 523.5]	[504.0, 523.5]	[502.5, 520.5]	[514.5, 520.5]	[526.5, 520.5]	[538.5, 520.5]	[550.5, 520.5]	[562.5, 520.5]	[567.0, 514.5]	[565.5, 502.5]	[565.5, 490.5]	[565.5, 478.5]	[565.5, 466.5]	[555.0, 459.0]	[543.0, 459.0]	[531.0, 459.0]	[519.0, 459.0]	[507.0, 459.0]																																																																													
[498.0, 445.5]	[510.0, 447.0]	[522.0, 445.5]	[534.0, 445.5]	[546.0, 445.5]	[558.0, 447.0]																																																																																													
[553.5, 433.5]	[541.5, 433.5]	[529.5, 436.5]	[517.5, 436.5]	[505.5, 436.5]																																																																																														
[496.5, 444.0]	[508.5, 442.5]	[520.5, 441.0]	[532.5, 441.0]	[544.5, 441.0]	[556.5, 442.5]	[568.5, 442.5]	[564.0, 433.5]	[552.0, 438.0]	[540.0, 436.5]	[526.5, 427.5]	[529.5, 415.5]	[526.5, 399.0]	[526.5, 387.0]	[526.5, 385.5]	[514.5, 384.0]	[502.5, 385.5]	[502.5, 385.5]	[502.5, 397.5]	[504.0, 411.0]	[504.0, 424.5]	[495.0, 435.0]	[502.5, 436.5]	[514.5, 433.5]	[526.5, 433.5]																																																																										
[517.5, 415.5]	[505.5, 415.5]	[504.0, 415.5]	[516.0, 412.5]	[535.5, 415.5]	[547.5, 415.5]	[547.5, 406.5]	[535.5, 406.5]																																																																																											
[547.5, 412.5]	[535.5, 412.5]	[516.0, 403.5]	[504.0, 399.0]	[499.5, 406.5]	[511.5, 406.5]	[523.5, 406.5]	[531.0, 423.0]																																																																																											
[562.5, 417.0]	[562.5, 429.0]	[573.0, 441.0]																																																																																																
[558.0, 405.0]	[561.0, 393.0]	[553.5, 385.5]	[541.5, 385.5]	[529.5, 376.5]	[517.5, 378.0]																																																																																													
[504.0, 372.0]	[516.0, 372.0]	[528.0, 372.0]	[540.0, 373.5]	[552.0, 373.5]																																																																																														
[564.0, 370.5]	[552.0, 366.0]	[540.0, 366.0]	[528.0, 366.0]	[516.0, 366.0]	[504.0, 366.0]	[502.5, 355.5]	[514.5, 352.5]	[526.5, 351.0]	[538.5, 352.5]	[550.5, 354.0]	[552.0, 345.0]	[540.0, 342.0]	[528.0, 340.5]	[516.0, 342.0]	[504.0, 345.0]	[499.5, 339.0]	[511.5, 331.5]	[523.5, 330.0]	[535.5, 328.5]	[547.5, 331.5]	[559.5, 334.5]																																																																													
[547.5, 331.5]	[561.0, 343.5]	[561.0, 358.5]	[559.5, 378.0]	[558.0, 390.0]	[558.0, 402.0]	[561.0, 411.0]	[558.0, 421.5]	[564.0, 438.0]																																																																																										
[550.5, 403.5]	[538.5, 403.5]	[529.5, 399.0]	[529.5, 387.0]																																																																																															
[505.5, 333.0]	[501.0, 345.0]	[499.5, 357.0]	[499.5, 369.0]	[499.5, 381.0]	[499.5, 393.0]	[501.0, 405.0]	[499.5, 417.0]	[499.5, 429.0]	[498.0, 442.5]	[505.5, 454.5]	[517.5, 454.5]	[529.5, 454.5]	[541.5, 454.5]	[553.5, 454.5]																																																																																				
[502.5, 532.5]	[502.5, 544.5]	[501.0, 556.5]	[501.0, 568.5]	[501.0, 580.5]	[502.5, 592.5]	[501.0, 604.5]	[501.0, 616.5]	[502.5, 628.5]	[501.0, 640.5]	[502.5, 652.5]	[502.5, 664.5]	[510.0, 672.0]																																																																																						
[564.0, 573.0]	[564.0, 561.0]	[562.5, 549.0]	[568.5, 537.0]	[561.0, 532.5]	[549.0, 532.5]	[537.0, 531.0]	[525.0, 531.0]	[513.0, 531.0]	[501.0, 535.5]																																																																																									
[463.5, 406.5]	[463.5, 418.5]	[463.5, 430.5]	[463.5, 442.5]	[463.5, 454.5]	[463.5, 466.5]	[463.5, 478.5]	[463.5, 490.5]	[463.5, 502.5]	[463.5, 514.5]	[463.5, 526.5]	[463.5, 538.5]	[463.5, 550.5]	[463.5, 562.5]	[463.5, 574.5]	[463.5, 586.5]	[463.5, 598.5]	[463.5, 610.5]	[463.5, 622.5]	[463.5, 634.5]	[463.5, 646.5]	[463.5, 658.5]	[466.5, 670.5]																																																																												
[451.5, 678.0]	[439.5, 679.5]	[427.5, 681.0]	[415.5, 681.0]	[403.5, 687.0]	[391.5, 690.0]	[379.5, 691.5]	[367.5, 693.0]	[355.5, 696.0]	[346.5, 690.0]	[346.5, 678.0]	[348.0, 666.0]	[348.0, 654.0]	[348.0, 642.0]	[349.5, 630.0]	[349.5, 618.0]	[339.0, 619.5]	[327.0, 628.5]																																																																																	
[339.0, 627.0]	[339.0, 639.0]	[339.0, 651.0]	[337.5, 663.0]	[337.5, 675.0]	[337.5, 687.0]																																																																																													
[334.5, 700.5]	[340.5, 684.0]	[342.0, 672.0]	[342.0, 660.0]	[342.0, 648.0]	[343.5, 636.0]	[343.5, 624.0]	[340.5, 613.5]	[328.5, 619.5]	[339.0, 613.5]	[349.5, 601.5]	[351.0, 586.5]	[339.0, 594.0]	[337.5, 585.0]	[349.5, 579.0]	[343.5, 597.0]	[340.5, 609.0]	[328.5, 627.0]	[327.0, 639.0]	[327.0, 651.0]	[325.5, 663.0]	[325.5, 675.0]	[324.0, 687.0]	[324.0, 699.0]	[316.5, 703.5]	[304.5, 712.5]	[292.5, 723.0]																																																																								
[306.0, 711.0]	[292.5, 723.0]	[285.0, 735.0]	[285.0, 747.0]	[288.0, 760.5]	[286.5, 772.5]	[286.5, 784.5]	[285.0, 796.5]	[280.5, 808.5]	[280.5, 820.5]	[279.0, 832.5]	[279.0, 844.5]																																																																																							
[48.0, 802.5]	[51.0, 790.5]	[52.5, 778.5]	[54.0, 766.5]	[61.5, 754.5]	[63.0, 742.5]	[64.5, 730.5]	[66.0, 718.5]																																																																																											
[100.5, 642.0]	[93.0, 643.5]	[112.5, 628.5]	[111.0, 616.5]	[112.5, 604.5]	[114.0, 592.5]	[111.0, 576.0]	[106.5, 568.5]	[105.0, 565.5]	[117.0, 556.5]	[106.5, 564.0]	[103.5, 576.0]	[102.0, 588.0]	[100.5, 600.0]	[99.0, 612.0]	[97.5, 624.0]	[96.0, 634.5]	[108.0, 630.0]	[112.5, 634.5]																																																																																
[144.0, 616.5]	[132.0, 622.5]	[153.0, 607.5]	[150.0, 589.5]	[151.5, 577.5]	[150.0, 561.0]	[150.0, 549.0]	[144.0, 543.0]	[142.5, 540.0]	[154.5, 529.5]	[147.0, 534.0]	[142.5, 546.0]	[139.5, 558.0]	[138.0, 570.0]	[138.0, 582.0]	[136.5, 594.0]	[135.0, 606.0]	[142.5, 616.5]	[133.5, 612.0]	[147.0, 606.0]																																																																															
[195.0, 582.0]	[183.0, 589.5]	[172.5, 592.5]	[184.5, 580.5]	[186.0, 568.5]	[187.5, 556.5]	[189.0, 544.5]	[192.0, 532.5]	[192.0, 520.5]	[186.0, 513.0]	[184.5, 510.0]	[196.5, 499.5]	[193.5, 501.0]	[186.0, 513.0]	[183.0, 525.0]	[181.5, 537.0]	[180.0, 549.0]	[180.0, 561.0]	[178.5, 573.0]	[186.0, 583.5]	[171.0, 589.5]	[183.0, 582.0]	[195.0, 576.0]																																																																												
[159.0, 531.0]	[157.5, 543.0]	[157.5, 555.0]	[148.5, 565.5]	[145.5, 577.5]	[144.0, 589.5]	[142.5, 601.5]	[130.5, 613.5]	[136.5, 616.5]	[148.5, 610.5]																																																																																									
[120.0, 558.0]	[118.5, 570.0]	[117.0, 582.0]	[108.0, 597.0]	[106.5, 609.0]	[105.0, 621.0]	[97.5, 633.0]	[96.0, 640.5]																																																																																											
[70.5, 660.0]	[60.0, 657.0]	[57.0, 658.5]	[70.5, 646.5]	[72.0, 634.5]	[73.5, 622.5]	[81.0, 610.5]	[78.0, 597.0]	[75.0, 585.0]	[78.0, 582.0]	[73.5, 592.5]																																																																																								
[84.0, 582.0]	[84.0, 594.0]	[81.0, 606.0]	[78.0, 624.0]	[76.5, 636.0]	[75.0, 648.0]	[63.0, 660.0]	[64.5, 660.0]	[69.0, 657.0]																																																																																										
[43.5, 663.0]	[46.5, 651.0]	[48.0, 639.0]	[43.5, 634.5]																																																																																															
[43.5, 613.5]	[48.0, 603.0]	[43.5, 609.0]	[39.0, 621.0]	[37.5, 633.0]	[36.0, 645.0]	[34.5, 657.0]	[31.5, 669.0]	[27.0, 676.5]	[39.0, 664.5]																																																																																									
[15.0, 633.0]	[24.0, 631.5]	[22.5, 643.5]	[19.5, 660.0]	[18.0, 672.0]	[15.0, 684.0]	[12.0, 694.5]	[9.0, 696.0]	[1.5, 691.5]	[12.0, 684.0]	[13.5, 672.0]	[15.0, 660.0]	[19.5, 648.0]	[19.5, 636.0]	[19.5, 624.0]	[13.5, 631.5]																																																																																			
[10.5, 601.5]	[22.5, 588.0]	[34.5, 579.0]	[46.5, 568.5]	[58.5, 559.5]	[70.5, 550.5]	[82.5, 541.5]	[94.5, 532.5]	[106.5, 523.5]	[118.5, 513.0]	[130.5, 505.5]	[142.5, 495.0]	[154.5, 486.0]	[166.5, 477.0]	[178.5, 468.0]	[190.5, 459.0]	[202.5, 448.5]	[214.5, 439.5]	[226.5, 430.5]	[238.5, 421.5]	[250.5, 411.0]	[262.5, 402.0]	[274.5, 393.0]	[286.5, 382.5]	[298.5, 384.0]	[292.5, 384.0]	[279.0, 396.0]	[262.5, 408.0]	[247.5, 420.0]	[232.5, 432.0]	[216.0, 444.0]	[201.0, 456.0]	[184.5, 468.0]	[169.5, 480.0]	[153.0, 492.0]	[138.0, 504.0]	[123.0, 516.0]	[106.5, 528.0]	[91.5, 540.0]	[96.0, 535.5]	[108.0, 526.5]	[120.0, 517.5]	[132.0, 508.5]	[144.0, 499.5]	[156.0, 490.5]	[168.0, 481.5]	[180.0, 472.5]	[192.0, 463.5]	[204.0, 454.5]	[216.0, 444.0]	[228.0, 435.0]	[240.0, 426.0]	[252.0, 417.0]	[264.0, 408.0]	[276.0, 399.0]	[288.0, 390.0]	[298.5, 390.0]	[310.5, 393.0]																																									
[303.0, 379.5]	[300.0, 364.5]	[298.5, 352.5]	[301.5, 340.5]	[306.0, 328.5]	[312.0, 316.5]	[324.0, 304.5]	[339.0, 292.5]	[357.0, 280.5]	[360.0, 274.5]	[369.0, 262.5]	[370.5, 250.5]	[370.5, 238.5]	[369.0, 231.0]	[357.0, 244.5]	[355.5, 241.5]	[358.5, 229.5]	[364.5, 217.5]	[357.0, 231.0]																																																																																
[343.5, 219.0]	[355.5, 207.0]	[367.5, 196.5]	[360.0, 202.5]	[348.0, 214.5]	[346.5, 226.5]	[352.5, 238.5]	[352.5, 244.5]	[349.5, 256.5]	[348.0, 268.5]																																																																																									
[366.0, 292.5]	[369.0, 285.0]	[357.0, 297.0]	[357.0, 286.5]	[366.0, 286.5]	[378.0, 280.5]	[396.0, 282.0]	[414.0, 277.5]	[426.0, 265.5]	[444.0, 270.0]																																																																																									
[459.0, 285.0]	[457.5, 297.0]	[457.5, 309.0]	[459.0, 327.0]	[459.0, 340.5]	[459.0, 352.5]	[459.0, 364.5]	[459.0, 376.5]	[459.0, 388.5]	[459.0, 400.5]	[459.0, 412.5]	[459.0, 424.5]	[460.5, 436.5]	[460.5, 448.5]	[460.5, 460.5]	[460.5, 472.5]	[460.5, 484.5]	[460.5, 496.5]	[460.5, 508.5]	[460.5, 520.5]	[460.5, 532.5]	[460.5, 544.5]	[460.5, 556.5]	[460.5, 568.5]	[460.5, 580.5]	[460.5, 592.5]	[460.5, 604.5]	[460.5, 616.5]	[460.5, 628.5]	[460.5, 640.5]	[460.5, 652.5]	[460.5, 664.5]	[463.5, 681.0]	[475.5, 679.5]	[487.5, 679.5]	[499.5, 678.0]	[511.5, 678.0]	[523.5, 678.0]	[535.5, 678.0]	[547.5, 678.0]	[559.5, 678.0]	[570.0, 678.0]	[582.0, 675.0]	[594.0, 675.0]	[606.0, 676.5]	[618.0, 676.5]	[630.0, 678.0]	[642.0, 679.5]	[654.0, 681.0]	[666.0, 687.0]	[678.0, 688.5]	[690.0, 691.5]	[702.0, 693.0]	[714.0, 696.0]	[724.5, 696.0]	[727.5, 700.5]	[739.5, 702.0]	[751.5, 709.5]																																									
[733.5, 759.0]	[757.5, 771.0]																																																																																																	
[784.5, 786.0]	[816.0, 798.0]	[847.5, 810.0]	[879.0, 822.0]	[912.0, 834.0]	[931.5, 841.5]	[964.5, 853.5]																																																																																												
[840.0, 664.5]	[828.0, 658.5]	[828.0, 658.5]	[828.0, 670.5]	[829.5, 682.5]	[832.5, 694.5]	[834.0, 706.5]	[835.5, 718.5]																																																																																											
[798.0, 637.5]	[786.0, 631.5]	[786.0, 631.5]	[786.0, 643.5]	[789.0, 655.5]	[790.5, 667.5]	[790.5, 679.5]	[793.5, 691.5]																																																																																											
[796.5, 628.5]	[784.5, 622.5]	[784.5, 622.5]	[799.5, 634.5]	[801.0, 643.5]	[796.5, 655.5]	[798.0, 667.5]	[801.0, 679.5]	[799.5, 690.0]	[802.5, 702.0]	[802.5, 714.0]	[805.5, 726.0]	[807.0, 738.0]	[808.5, 750.0]	[811.5, 756.0]																																																																																				
[834.0, 604.5]	[822.0, 594.0]	[822.0, 589.5]	[837.0, 601.5]	[837.0, 594.0]	[825.0, 585.0]	[819.0, 588.0]	[831.0, 597.0]	[829.5, 589.5]	[823.5, 577.5]	[820.5, 565.5]	[820.5, 553.5]	[820.5, 541.5]	[817.5, 529.5]	[822.0, 517.5]	[820.5, 514.5]	[808.5, 507.0]	[810.0, 505.5]	[810.0, 517.5]	[811.5, 529.5]	[813.0, 541.5]	[816.0, 553.5]	[816.0, 565.5]	[819.0, 577.5]	[820.5, 594.0]																																																																										
[798.0, 562.5]	[786.0, 553.5]	[777.0, 555.0]	[789.0, 562.5]	[790.5, 568.5]	[778.5, 561.0]	[775.5, 552.0]	[780.0, 549.0]	[789.0, 564.0]	[790.5, 570.0]	[777.0, 558.0]	[784.5, 546.0]	[781.5, 534.0]	[781.5, 522.0]	[778.5, 510.0]	[778.5, 498.0]	[781.5, 486.0]	[778.5, 474.0]	[766.5, 456.0]	[754.5, 444.0]	[742.5, 433.5]	[730.5, 433.5]																																																																													
[742.5, 433.5]	[754.5, 445.5]	[768.0, 457.5]	[768.0, 474.0]	[769.5, 486.0]	[771.0, 498.0]	[774.0, 510.0]	[775.5, 522.0]	[777.0, 535.5]	[786.0, 553.5]	[798.0, 565.5]																																																																																								
[784.5, 483.0]	[780.0, 475.5]	[768.0, 469.5]																																																																																																
[723.0, 484.5]	[711.0, 474.0]																																																																																																	
[697.5, 478.5]	[709.5, 486.0]	[721.5, 498.0]	[715.5, 502.5]	[703.5, 493.5]	[706.5, 492.0]	[721.5, 504.0]	[724.5, 502.5]	[712.5, 495.0]	[700.5, 487.5]	[700.5, 487.5]	[702.0, 499.5]	[702.0, 511.5]																																																																																						
[705.0, 496.5]	[720.0, 508.5]																																																																																																	
[714.0, 540.0]	[702.0, 547.5]	[705.0, 550.5]	[717.0, 555.0]	[729.0, 565.5]																																																																																														
[720.0, 552.0]	[708.0, 546.0]	[709.5, 552.0]	[726.0, 564.0]	[718.5, 561.0]	[706.5, 553.5]	[703.5, 561.0]	[705.0, 573.0]	[706.5, 585.0]	[706.5, 597.0]	[708.0, 609.0]	[709.5, 621.0]	[709.5, 633.0]	[709.5, 645.0]	[711.0, 657.0]	[712.5, 669.0]	[712.5, 681.0]	[717.0, 682.5]	[718.5, 694.5]	[738.0, 706.5]	[753.0, 718.5]																																																																														
[721.5, 622.5]	[709.5, 615.0]	[709.5, 612.0]	[712.5, 618.0]	[714.0, 630.0]																																																																																														
[727.5, 574.5]	[715.5, 565.5]	[703.5, 561.0]	[708.0, 562.5]	[726.0, 574.5]	[721.5, 586.5]	[721.5, 598.5]	[723.0, 610.5]	[717.0, 621.0]	[723.0, 633.0]	[724.5, 645.0]	[726.0, 657.0]	[727.5, 669.0]	[727.5, 681.0]	[729.0, 693.0]	[744.0, 705.0]	[757.5, 717.0]																																																																																		
[724.5, 553.5]	[715.5, 541.5]																																																																																																	
[705.0, 537.0]	[702.0, 549.0]	[717.0, 561.0]																																																																																																
[718.5, 487.5]	[706.5, 478.5]	[706.5, 475.5]	[694.5, 469.5]																																																																																															
[726.0, 492.0]	[717.0, 480.0]	[709.5, 468.0]	[708.0, 456.0]	[708.0, 444.0]	[706.5, 432.0]	[705.0, 426.0]	[693.0, 420.0]																																																																																											
[703.5, 402.0]	[700.5, 376.5]	[688.5, 375.0]	[688.5, 375.0]	[690.0, 387.0]	[691.5, 399.0]	[691.5, 411.0]	[691.5, 423.0]	[693.0, 435.0]	[694.5, 447.0]	[694.5, 459.0]	[699.0, 471.0]	[702.0, 483.0]	[717.0, 495.0]																																																																																					
[739.5, 396.0]	[751.5, 408.0]	[762.0, 420.0]	[774.0, 432.0]	[786.0, 444.0]	[798.0, 456.0]	[810.0, 468.0]	[822.0, 480.0]	[834.0, 492.0]	[846.0, 504.0]	[858.0, 516.0]	[868.5, 528.0]	[880.5, 540.0]	[892.5, 552.0]	[906.0, 564.0]	[918.0, 576.0]	[930.0, 588.0]	[936.0, 600.0]	[939.0, 612.0]	[940.5, 624.0]	[942.0, 636.0]	[943.5, 648.0]	[946.5, 660.0]	[948.0, 672.0]	[951.0, 684.0]	[952.5, 696.0]	[954.0, 708.0]	[957.0, 720.0]	[958.5, 732.0]	[960.0, 744.0]	[963.0, 756.0]	[964.5, 768.0]	[966.0, 780.0]	[969.0, 792.0]	[970.5, 804.0]	[972.0, 816.0]	[972.0, 823.5]	[975.0, 835.5]	[978.0, 847.5]	[979.5, 859.5]	[981.0, 873.0]	[984.0, 885.0]	[985.5, 897.0]	[987.0, 909.0]	[990.0, 921.0]	[991.5, 933.0]	[993.0, 945.0]	[994.5, 957.0]	[991.5, 969.0]	[990.0, 981.0]	[987.0, 990.0]																																																
[760.5, 970.5]	[748.5, 970.5]	[735.0, 973.5]	[723.0, 972.0]	[711.0, 972.0]	[699.0, 972.0]	[687.0, 972.0]	[675.0, 972.0]	[663.0, 972.0]	[651.0, 972.0]	[639.0, 972.0]	[627.0, 972.0]	[615.0, 972.0]	[603.0, 972.0]	[591.0, 972.0]	[588.0, 969.0]	[576.0, 972.0]	[564.0, 973.5]	[552.0, 973.5]	[540.0, 973.5]	[528.0, 973.5]	[516.0, 973.5]	[504.0, 976.5]	[498.0, 973.5]	[486.0, 973.5]	[474.0, 973.5]	[462.0, 972.0]	[450.0, 973.5]	[438.0, 973.5]	[426.0, 973.5]	[414.0, 973.5]	[402.0, 973.5]	[390.0, 975.0]	[378.0, 975.0]	[366.0, 975.0]	[354.0, 975.0]	[342.0, 976.5]	[330.0, 975.0]	[324.0, 976.5]	[318.0, 981.0]	[306.0, 981.0]	[294.0, 982.5]	[282.0, 984.0]	[279.0, 979.5]	[270.0, 972.0]	[270.0, 960.0]	[271.5, 948.0]	[271.5, 936.0]	[277.5, 924.0]	[277.5, 912.0]	[279.0, 900.0]	[279.0, 888.0]	[280.5, 876.0]	[280.5, 864.0]	[282.0, 852.0]	[282.0, 840.0]	[283.5, 828.0]	[283.5, 816.0]	[285.0, 804.0]	[280.5, 790.5]	[282.0, 784.5]	[282.0, 772.5]	[283.5, 760.5]	[288.0, 748.5]	[288.0, 736.5]	[291.0, 720.0]	[303.0, 708.0]	[312.0, 705.0]	[313.5, 693.0]	[315.0, 681.0]	[315.0, 669.0]	[316.5, 657.0]	[316.5, 645.0]	[316.5, 633.0]	[318.0, 621.0]	[318.0, 609.0]	[319.5, 597.0]	[319.5, 585.0]	[322.5, 573.0]	[346.5, 561.0]	[340.5, 564.0]	[328.5, 570.0]	[324.0, 565.5]	[348.0, 553.5]	[343.5, 550.5]	[331.5, 556.5]	[319.5, 564.0]	[327.0, 559.5]	[345.0, 544.5]	[333.0, 550.5]	[333.0, 550.5]	[345.0, 555.0]	[333.0, 561.0]	[321.0, 568.5]	[321.0, 579.0]	[327.0, 586.5]	[327.0, 598.5]		
[351.0, 562.5]	[351.0, 574.5]	[337.5, 586.5]	[333.0, 588.0]	[331.5, 600.0]	[328.5, 612.0]	[336.0, 630.0]	[333.0, 642.0]	[331.5, 654.0]																																																																																										
[343.5, 493.5]	[331.5, 501.0]	[333.0, 499.5]	[349.5, 487.5]	[348.0, 486.0]	[327.0, 498.0]	[327.0, 498.0]	[339.0, 490.5]																																																																																											
[349.5, 478.5]	[337.5, 483.0]	[325.5, 493.5]	[336.0, 484.5]	[357.0, 472.5]	[349.5, 459.0]	[340.5, 451.5]	[351.0, 436.5]	[351.0, 424.5]	[346.5, 411.0]	[357.0, 399.0]	[357.0, 387.0]	[343.5, 397.5]																																																																																						
[331.5, 394.5]	[334.5, 382.5]	[346.5, 372.0]	[358.5, 370.5]	[358.5, 382.5]	[346.5, 394.5]	[342.0, 406.5]	[348.0, 423.0]	[346.5, 435.0]	[346.5, 447.0]	[346.5, 457.5]	[346.5, 469.5]	[334.5, 480.0]	[322.5, 492.0]	[330.0, 483.0]	[342.0, 475.5]	[354.0, 469.5]																																																																																		
[355.5, 457.5]	[354.0, 445.5]	[357.0, 433.5]	[357.0, 421.5]	[355.5, 405.0]	[343.5, 412.5]	[354.0, 411.0]	[348.0, 415.5]	[336.0, 426.0]																																																																																										
[297.0, 429.0]	[294.0, 433.5]	[301.5, 430.5]	[300.0, 420.0]	[288.0, 415.5]	[276.0, 424.5]	[264.0, 433.5]	[252.0, 442.5]	[240.0, 451.5]	[228.0, 460.5]	[216.0, 469.5]	[204.0, 478.5]	[192.0, 487.5]	[180.0, 495.0]	[168.0, 504.0]	[156.0, 513.0]	[144.0, 522.0]	[132.0, 531.0]	[120.0, 540.0]	[108.0, 547.5]																																																																															
[63.0, 531.0]	[69.0, 517.5]	[70.5, 505.5]	[72.0, 493.5]	[81.0, 481.5]	[93.0, 469.5]	[109.5, 457.5]	[120.0, 445.5]	[136.5, 433.5]	[150.0, 421.5]	[162.0, 409.5]	[178.5, 397.5]	[192.0, 385.5]	[202.5, 373.5]	[220.5, 361.5]	[234.0, 349.5]	[244.5, 337.5]	[250.5, 333.0]	[238.5, 343.5]	[226.5, 357.0]	[214.5, 366.0]	[216.0, 373.5]	[228.0, 361.5]	[240.0, 352.5]	[238.5, 364.5]	[237.0, 376.5]	[235.5, 388.5]	[228.0, 390.0]	[219.0, 402.0]	[213.0, 411.0]	[226.5, 399.0]																																																																				
[220.5, 382.5]	[208.5, 369.0]	[196.5, 379.5]	[184.5, 391.5]	[172.5, 402.0]	[177.0, 405.0]	[189.0, 394.5]	[189.0, 394.5]	[177.0, 406.5]	[178.5, 418.5]	[178.5, 429.0]	[175.5, 441.0]	[175.5, 441.0]	[186.0, 417.0]	[178.5, 409.5]	[190.5, 402.0]	[195.0, 403.5]	[193.5, 415.5]	[192.0, 421.5]	[184.5, 433.5]																																																																															
[168.0, 444.0]	[169.5, 432.0]	[171.0, 420.0]	[172.5, 408.0]	[162.0, 409.5]	[150.0, 421.5]	[138.0, 432.0]	[126.0, 441.0]	[114.0, 453.0]	[102.0, 463.5]	[106.5, 466.5]	[118.5, 456.0]	[114.0, 459.0]	[106.5, 471.0]	[105.0, 483.0]	[106.5, 495.0]	[105.0, 504.0]	[117.0, 493.5]	[129.0, 483.0]	[141.0, 474.0]	[153.0, 465.0]	[165.0, 454.5]	[177.0, 445.5]	[189.0, 435.0]	[201.0, 426.0]	[213.0, 415.5]	[225.0, 406.5]	[237.0, 396.0]	[249.0, 387.0]	[261.0, 378.0]	[273.0, 367.5]	[285.0, 358.5]	[297.0, 364.5]	[298.5, 372.0]	[294.0, 367.5]	[288.0, 364.5]	[276.0, 375.0]	[264.0, 384.0]	[252.0, 394.5]	[240.0, 403.5]	[228.0, 412.5]	[216.0, 423.0]	[204.0, 432.0]	[192.0, 442.5]	[180.0, 451.5]	[168.0, 460.5]	[156.0, 471.0]	[144.0, 480.0]	[132.0, 489.0]	[120.0, 499.5]	[108.0, 508.5]	[96.0, 517.5]	[84.0, 528.0]	[72.0, 537.0]	[60.0, 546.0]	[48.0, 556.5]	[36.0, 565.5]	[24.0, 574.5]	[12.0, 583.5]	[0.0, 589.5]																																							
[28.5, 559.5]	[36.0, 547.5]	[40.5, 546.0]	[42.0, 534.0]	[43.5, 522.0]	[49.5, 510.0]	[57.0, 502.5]	[45.0, 514.5]	[48.0, 519.0]	[60.0, 505.5]	[60.0, 517.5]	[57.0, 529.5]	[54.0, 523.5]	[57.0, 511.5]	[55.5, 510.0]	[49.5, 522.0]	[46.5, 534.0]	[45.0, 546.0]																																																																																	
[25.5, 556.5]	[27.0, 544.5]	[33.0, 532.5]	[24.0, 534.0]																																																																																															
[19.5, 520.5]	[16.5, 532.5]	[15.0, 544.5]	[13.5, 556.5]	[12.0, 568.5]																																																																																														
[0.0, 535.5]	[4.5, 528.0]	[16.5, 514.5]	[28.5, 517.5]	[33.0, 522.0]	[24.0, 534.0]	[22.5, 546.0]	[19.5, 558.0]	[15.0, 570.0]	[4.5, 583.5]	[16.5, 574.5]	[28.5, 564.0]	[40.5, 555.0]	[52.5, 544.5]	[64.5, 535.5]	[76.5, 526.5]	[88.5, 516.0]	[100.5, 502.5]																																																																																	
[78.0, 496.5]	[88.5, 489.0]	[87.0, 501.0]	[84.0, 513.0]	[78.0, 516.0]	[75.0, 516.0]	[76.5, 504.0]	[76.5, 492.0]	[88.5, 480.0]	[76.5, 492.0]	[72.0, 490.5]	[84.0, 480.0]	[96.0, 466.5]	[102.0, 472.5]	[100.5, 484.5]	[99.0, 496.5]																																																																																			
[111.0, 472.5]	[111.0, 472.5]	[117.0, 460.5]	[121.5, 457.5]	[120.0, 469.5]	[118.5, 481.5]	[109.5, 489.0]	[114.0, 489.0]																																																																																											
[157.5, 511.5]	[174.0, 499.5]	[184.5, 496.5]	[201.0, 484.5]	[217.5, 472.5]	[234.0, 460.5]	[250.5, 448.5]	[267.0, 436.5]	[283.5, 424.5]	[285.0, 424.5]	[273.0, 432.0]	[261.0, 441.0]	[249.0, 450.0]	[237.0, 459.0]	[225.0, 468.0]	[213.0, 477.0]	[201.0, 484.5]	[189.0, 493.5]	[177.0, 502.5]																																																																																
[138.0, 471.0]	[139.5, 468.0]	[138.0, 456.0]	[141.0, 444.0]	[145.5, 432.0]	[145.5, 441.0]	[139.5, 438.0]	[151.5, 427.5]	[156.0, 429.0]	[154.5, 441.0]	[153.0, 453.0]	[145.5, 465.0]	[145.5, 465.0]																																																																																						
[132.0, 472.5]	[133.5, 460.5]	[135.0, 448.5]	[136.5, 436.5]																																																																																															
[153.0, 429.0]	[145.5, 441.0]	[144.0, 454.5]																																																																																																
[181.5, 430.5]	[183.0, 418.5]	[186.0, 406.5]	[192.0, 394.5]																																																																																															
[229.5, 384.0]	[231.0, 372.0]																																																																																																	
[235.5, 357.0]	[234.0, 369.0]	[232.5, 381.0]	[223.5, 385.5]	[225.0, 400.5]	[225.0, 387.0]																																																																																													
[210.0, 409.5]	[211.5, 397.5]	[213.0, 385.5]	[213.0, 373.5]	[220.5, 367.5]	[234.0, 355.5]																																																																																													
[267.0, 366.0]	[268.5, 354.0]	[279.0, 342.0]	[274.5, 333.0]	[283.5, 321.0]	[288.0, 309.0]	[277.5, 318.0]	[265.5, 328.5]	[265.5, 333.0]	[259.5, 330.0]	[271.5, 318.0]	[283.5, 307.5]	[279.0, 310.5]	[265.5, 322.5]	[259.5, 334.5]	[258.0, 346.5]	[258.0, 358.5]	[256.5, 370.5]	[264.0, 369.0]	[276.0, 358.5]	[289.5, 352.5]	[306.0, 327.0]	[318.0, 310.5]	[330.0, 298.5]	[342.0, 291.0]	[354.0, 277.5]	[369.0, 270.0]	[381.0, 264.0]	[393.0, 259.5]	[405.0, 255.0]	[417.0, 252.0]	[429.0, 249.0]	[441.0, 246.0]	[453.0, 243.0]	[465.0, 241.5]	[477.0, 240.0]	[489.0, 240.0]	[501.0, 238.5]	[513.0, 238.5]	[525.0, 240.0]	[537.0, 238.5]	[549.0, 238.5]	[561.0, 241.5]	[573.0, 241.5]	[585.0, 243.0]	[597.0, 246.0]	[609.0, 249.0]	[621.0, 250.5]	[633.0, 255.0]	[645.0, 258.0]	[657.0, 262.5]	[669.0, 268.5]																																															
[678.0, 259.5]	[678.0, 247.5]	[673.5, 243.0]																																																																																																
[685.5, 216.0]	[673.5, 202.5]	[670.5, 202.5]	[672.0, 214.5]	[672.0, 226.5]	[673.5, 238.5]	[673.5, 250.5]	[675.0, 262.5]	[681.0, 274.5]	[697.5, 285.0]																																																																																									
[715.5, 276.0]	[726.0, 288.0]	[736.5, 300.0]	[747.0, 312.0]	[757.5, 324.0]	[768.0, 336.0]	[777.0, 348.0]	[787.5, 360.0]	[798.0, 372.0]	[808.5, 384.0]	[819.0, 396.0]	[829.5, 408.0]	[840.0, 420.0]	[850.5, 432.0]	[861.0, 444.0]	[870.0, 456.0]	[880.5, 468.0]	[891.0, 480.0]																																																																																	
[877.5, 478.5]	[865.5, 469.5]	[868.5, 471.0]	[874.5, 483.0]	[879.0, 486.0]	[880.5, 498.0]	[897.0, 501.0]	[894.0, 499.5]	[892.5, 511.5]	[898.5, 523.5]	[912.0, 519.0]	[921.0, 520.5]																																																																																							
[925.5, 510.0]	[936.0, 522.0]	[939.0, 534.0]	[952.5, 541.5]	[958.5, 553.5]	[964.5, 553.5]	[967.5, 559.5]	[976.5, 571.5]	[979.5, 573.0]	[981.0, 582.0]																																																																																									
[996.0, 613.5]	[993.0, 601.5]	[990.0, 589.5]	[996.0, 577.5]	[985.5, 565.5]	[976.5, 553.5]	[967.5, 541.5]	[957.0, 529.5]	[948.0, 517.5]	[937.5, 505.5]	[934.5, 502.5]	[939.0, 514.5]	[949.5, 526.5]	[958.5, 538.5]	[969.0, 550.5]	[978.0, 562.5]	[988.5, 574.5]																																																																																		
[924.0, 508.5]	[919.5, 520.5]	[924.0, 532.5]	[925.5, 544.5]	[928.5, 556.5]	[940.5, 568.5]	[951.0, 580.5]	[967.5, 588.0]	[978.0, 600.0]	[984.0, 612.0]	[994.5, 624.0]	[1006.5, 636.0]	[1017.0, 648.0]	[1018.5, 663.0]																																																																																					
[996.0, 568.5]	[987.0, 556.5]	[978.0, 544.5]	[969.0, 532.5]	[958.5, 520.5]	[949.5, 508.5]	[939.0, 496.5]	[930.0, 484.5]																																																																																											
[874.5, 496.5]	[871.5, 487.5]	[868.5, 475.5]																																																																																																
[843.0, 459.0]	[852.0, 451.5]	[840.0, 438.0]	[840.0, 438.0]	[844.5, 450.0]	[847.5, 462.0]	[843.0, 453.0]	[849.0, 448.5]	[853.5, 460.5]	[855.0, 472.5]	[865.5, 478.5]	[867.0, 490.5]	[877.5, 502.5]																																																																																						
[852.0, 474.0]	[840.0, 462.0]	[837.0, 450.0]	[837.0, 438.0]																																																																																															
[811.5, 418.5]	[810.0, 412.5]	[813.0, 412.5]	[819.0, 424.5]	[819.0, 430.5]																																																																																														
[825.0, 442.5]	[823.5, 430.5]	[822.0, 418.5]	[820.5, 415.5]	[808.5, 402.0]	[808.5, 402.0]	[805.5, 414.0]	[808.5, 426.0]	[819.0, 438.0]	[823.5, 444.0]																																																																																									
[814.5, 427.5]	[810.0, 415.5]	[808.5, 403.5]																																																																																																
[784.5, 400.5]	[772.5, 387.0]																																																																																																	
[762.0, 391.5]	[774.0, 405.0]																																																																																																	
[786.0, 385.5]	[777.0, 373.5]	[777.0, 369.0]	[787.5, 381.0]	[784.5, 375.0]	[772.5, 361.5]	[772.5, 361.5]	[769.5, 373.5]	[771.0, 385.5]	[781.5, 397.5]	[789.0, 411.0]	[798.0, 430.5]	[810.0, 442.5]	[822.0, 456.0]	[834.0, 468.0]	[846.0, 480.0]	[858.0, 493.5]	[870.0, 505.5]	[882.0, 519.0]	[894.0, 531.0]	[906.0, 543.0]	[918.0, 556.5]	[930.0, 568.5]	[942.0, 580.5]	[954.0, 579.0]	[966.0, 592.5]	[978.0, 606.0]	[990.0, 618.0]	[1002.0, 630.0]	[1014.0, 643.5]																																																																					
[723.0, 495.0]	[711.0, 483.0]	[702.0, 462.0]	[700.5, 450.0]	[699.0, 436.5]	[697.5, 424.5]	[703.5, 412.5]	[705.0, 400.5]	[708.0, 388.5]	[697.5, 376.5]																																																																																									
[714.0, 387.0]	[702.0, 372.0]	[690.0, 361.5]	[678.0, 354.0]	[666.0, 351.0]	[654.0, 346.5]	[642.0, 343.5]	[649.5, 345.0]	[675.0, 352.5]	[693.0, 364.5]	[706.5, 376.5]	[715.5, 378.0]	[703.5, 361.5]	[691.5, 351.0]	[679.5, 343.5]	[667.5, 336.0]	[655.5, 330.0]	[643.5, 325.5]	[631.5, 322.5]	[619.5, 318.0]	[607.5, 316.5]																																																																														
[631.5, 322.5]	[663.0, 334.5]	[682.5, 346.5]	[699.0, 358.5]	[711.0, 370.5]																																																																																														
[715.5, 390.0]	[712.5, 378.0]	[700.5, 366.0]	[684.0, 354.0]	[654.0, 342.0]	[633.0, 333.0]	[621.0, 331.5]	[609.0, 328.5]	[597.0, 327.0]	[585.0, 324.0]	[573.0, 322.5]	[561.0, 321.0]	[549.0, 321.0]	[537.0, 321.0]	[525.0, 319.5]	[513.0, 321.0]	[501.0, 321.0]	[489.0, 321.0]	[477.0, 322.5]	[465.0, 324.0]																																																																															
[457.5, 334.5]	[445.5, 331.5]	[433.5, 333.0]	[421.5, 331.5]	[406.5, 340.5]	[394.5, 343.5]	[381.0, 346.5]	[369.0, 351.0]	[357.0, 357.0]	[345.0, 364.5]	[333.0, 375.0]	[321.0, 388.5]	[325.5, 382.5]	[337.5, 370.5]	[354.0, 358.5]	[376.5, 346.5]																																																																																			
[415.5, 343.5]	[415.5, 355.5]	[415.5, 367.5]	[415.5, 379.5]	[415.5, 391.5]	[415.5, 403.5]	[415.5, 415.5]	[415.5, 427.5]	[414.0, 439.5]	[414.0, 451.5]	[414.0, 463.5]	[414.0, 475.5]	[414.0, 487.5]	[414.0, 499.5]	[414.0, 511.5]	[414.0, 523.5]	[414.0, 535.5]	[414.0, 547.5]	[414.0, 559.5]	[412.5, 571.5]	[412.5, 583.5]	[412.5, 595.5]	[412.5, 607.5]	[412.5, 619.5]	[412.5, 631.5]	[411.0, 643.5]	[411.0, 655.5]	[411.0, 669.0]	[412.5, 681.0]																																																																						
[277.5, 418.5]	[265.5, 427.5]	[253.5, 436.5]	[241.5, 445.5]	[229.5, 454.5]	[217.5, 463.5]	[205.5, 472.5]	[193.5, 481.5]	[181.5, 490.5]	[169.5, 498.0]	[157.5, 507.0]	[145.5, 516.0]	[133.5, 525.0]	[121.5, 534.0]	[109.5, 543.0]	[97.5, 556.5]	[111.0, 546.0]	[118.5, 535.5]	[136.5, 523.5]	[151.5, 511.5]	[168.0, 499.5]	[184.5, 487.5]	[201.0, 475.5]	[217.5, 463.5]	[234.0, 451.5]	[249.0, 439.5]	[265.5, 427.5]	[282.0, 415.5]	[289.5, 403.5]	[289.5, 391.5]	[286.5, 382.5]	[273.0, 394.5]	[256.5, 406.5]	[241.5, 418.5]	[226.5, 430.5]	[211.5, 442.5]	[195.0, 454.5]	[180.0, 466.5]	[163.5, 478.5]	[148.5, 490.5]	[133.5, 502.5]	[117.0, 514.5]	[102.0, 526.5]	[85.5, 538.5]	[70.5, 550.5]	[55.5, 562.5]	[39.0, 574.5]	[24.0, 586.5]	[12.0, 598.5]	[10.5, 610.5]	[7.5, 622.5]	[6.0, 634.5]	[4.5, 646.5]	[3.0, 658.5]	[1.5, 670.5]																																												
[43.5, 670.5]	[37.5, 679.5]	[30.0, 681.0]	[36.0, 676.5]	[39.0, 664.5]	[42.0, 652.5]	[43.5, 640.5]	[48.0, 628.5]	[51.0, 616.5]	[52.5, 604.5]																																																																																									
[16.5, 514.5]	[6.0, 526.5]	[6.0, 517.5]	[18.0, 508.5]	[30.0, 510.0]																																																																																														
[15.0, 508.5]	[1.5, 520.5]	[4.5, 538.5]	[3.0, 550.5]	[1.5, 562.5]																																																																																														
[15.0, 501.0]	[1.5, 513.0]	[9.0, 507.0]	[21.0, 502.5]																																																																																															
[0.0, 489.0]	[12.0, 486.0]	[24.0, 484.5]	[36.0, 483.0]	[48.0, 480.0]	[60.0, 478.5]	[72.0, 475.5]	[84.0, 463.5]	[96.0, 447.0]	[108.0, 436.5]	[120.0, 432.0]	[132.0, 421.5]	[141.0, 406.5]	[153.0, 396.0]	[165.0, 388.5]	[177.0, 381.0]	[189.0, 370.5]	[198.0, 355.5]	[210.0, 345.0]	[222.0, 336.0]	[234.0, 330.0]	[246.0, 319.5]	[256.5, 301.5]	[268.5, 291.0]	[280.5, 280.5]	[292.5, 276.0]	[304.5, 268.5]	[316.5, 270.0]	[316.5, 261.0]	[315.0, 249.0]	[313.5, 237.0]	[315.0, 225.0]	[319.5, 213.0]	[325.5, 201.0]	[330.0, 189.0]	[333.0, 177.0]	[339.0, 165.0]	[348.0, 153.0]	[351.0, 141.0]	[351.0, 129.0]	[354.0, 117.0]	[358.5, 105.0]	[366.0, 93.0]	[387.0, 78.0]	[396.0, 66.0]	[415.5, 54.0]	[435.0, 42.0]	[436.5, 42.0]	[424.5, 46.5]	[412.5, 55.5]	[400.5, 63.0]	[388.5, 75.0]	[376.5, 88.5]	[364.5, 94.5]	[352.5, 118.5]																																												
[384.0, 154.5]	[363.0, 166.5]	[351.0, 178.5]	[339.0, 190.5]	[330.0, 202.5]	[324.0, 214.5]	[319.5, 226.5]	[321.0, 229.5]	[333.0, 207.0]	[345.0, 193.5]	[357.0, 183.0]	[369.0, 174.0]	[381.0, 166.5]	[393.0, 160.5]	[405.0, 156.0]	[417.0, 151.5]	[429.0, 147.0]	[441.0, 144.0]	[453.0, 141.0]	[465.0, 139.5]	[477.0, 138.0]	[489.0, 136.5]	[501.0, 135.0]	[513.0, 135.0]	[525.0, 135.0]	[537.0, 135.0]	[549.0, 136.5]	[561.0, 138.0]	[573.0, 139.5]	[585.0, 141.0]	[597.0, 144.0]	[609.0, 147.0]	[621.0, 151.5]	[633.0, 156.0]	[645.0, 162.0]	[657.0, 168.0]	[669.0, 175.5]	[681.0, 186.0]	[693.0, 199.5]	[705.0, 220.5]																																																											
[688.5, 213.0]	[676.5, 199.5]	[664.5, 189.0]	[652.5, 181.5]	[640.5, 175.5]	[628.5, 169.5]	[616.5, 165.0]	[604.5, 160.5]	[592.5, 157.5]	[580.5, 154.5]	[568.5, 153.0]	[556.5, 151.5]	[544.5, 150.0]	[532.5, 150.0]	[520.5, 148.5]	[508.5, 150.0]	[496.5, 150.0]	[484.5, 151.5]	[472.5, 153.0]	[460.5, 154.5]	[448.5, 157.5]	[436.5, 160.5]	[424.5, 163.5]	[412.5, 168.0]	[400.5, 172.5]	[388.5, 178.5]	[376.5, 186.0]	[364.5, 193.5]	[352.5, 204.0]	[340.5, 217.5]	[328.5, 243.0]																																																																				
[286.5, 276.0]	[273.0, 288.0]	[259.5, 300.0]	[255.0, 312.0]	[241.5, 324.0]	[219.0, 336.0]	[207.0, 348.0]	[196.5, 360.0]	[187.5, 372.0]	[174.0, 384.0]	[153.0, 396.0]	[141.0, 408.0]	[133.5, 420.0]	[120.0, 432.0]	[100.5, 444.0]	[93.0, 456.0]	[79.5, 468.0]																																																																																		
[1.5, 636.0]	[3.0, 624.0]	[6.0, 612.0]	[7.5, 600.0]	[12.0, 583.5]	[28.5, 571.5]	[43.5, 559.5]	[58.5, 547.5]	[73.5, 535.5]	[88.5, 523.5]	[103.5, 511.5]	[118.5, 499.5]	[135.0, 487.5]	[150.0, 475.5]	[165.0, 463.5]	[180.0, 451.5]	[195.0, 439.5]	[210.0, 427.5]	[225.0, 415.5]	[240.0, 403.5]	[255.0, 391.5]	[270.0, 379.5]	[292.5, 367.5]	[292.5, 349.5]	[297.0, 337.5]																																																																										
[283.5, 324.0]	[283.5, 336.0]	[282.0, 354.0]	[270.0, 369.0]	[256.5, 381.0]	[241.5, 393.0]	[226.5, 405.0]	[211.5, 417.0]	[196.5, 429.0]	[181.5, 441.0]	[168.0, 453.0]	[151.5, 465.0]	[138.0, 477.0]	[121.5, 489.0]	[108.0, 501.0]	[91.5, 513.0]	[78.0, 525.0]	[61.5, 537.0]	[48.0, 549.0]	[33.0, 561.0]	[18.0, 573.0]	[1.5, 576.0]	[13.5, 571.5]	[33.0, 553.5]	[52.5, 540.0]	[61.5, 532.5]	[75.0, 514.5]	[82.5, 514.5]																																																																							
[352.5, 466.5]	[345.0, 471.0]	[333.0, 474.0]	[321.0, 483.0]	[324.0, 480.0]	[334.5, 468.0]	[334.5, 456.0]	[336.0, 444.0]	[336.0, 432.0]	[340.5, 420.0]	[337.5, 408.0]	[336.0, 396.0]	[333.0, 384.0]	[345.0, 372.0]																																																																																					
[315.0, 328.5]	[316.5, 322.5]	[328.5, 310.5]	[334.5, 309.0]	[340.5, 301.5]	[352.5, 297.0]	[355.5, 292.5]	[373.5, 279.0]	[385.5, 274.5]	[397.5, 270.0]	[409.5, 265.5]	[421.5, 262.5]	[433.5, 259.5]	[445.5, 258.0]	[457.5, 255.0]	[469.5, 253.5]	[481.5, 253.5]	[493.5, 252.0]	[505.5, 250.5]	[517.5, 250.5]	[529.5, 250.5]	[541.5, 252.0]	[553.5, 252.0]	[565.5, 253.5]	[577.5, 255.0]	[589.5, 256.5]	[601.5, 258.0]	[613.5, 261.0]	[625.5, 264.0]	[637.5, 267.0]	[649.5, 271.5]	[661.5, 276.0]	[675.0, 286.5]																																																																		
[646.5, 265.5]	[673.5, 277.5]	[693.0, 289.5]	[709.5, 301.5]	[714.0, 316.5]	[721.5, 328.5]	[726.0, 340.5]	[736.5, 355.5]	[736.5, 370.5]	[733.5, 373.5]	[745.5, 364.5]	[742.5, 375.0]	[756.0, 387.0]	[768.0, 399.0]	[778.5, 411.0]	[790.5, 423.0]	[801.0, 435.0]	[813.0, 447.0]	[823.5, 459.0]	[835.5, 471.0]	[847.5, 483.0]	[858.0, 495.0]	[870.0, 507.0]	[880.5, 519.0]	[892.5, 531.0]	[904.5, 543.0]	[915.0, 555.0]	[927.0, 567.0]	[939.0, 579.0]	[940.5, 597.0]	[942.0, 609.0]	[943.5, 621.0]	[946.5, 633.0]	[948.0, 645.0]	[949.5, 657.0]	[952.5, 669.0]	[954.0, 681.0]	[957.0, 693.0]	[958.5, 705.0]	[960.0, 717.0]	[963.0, 729.0]	[964.5, 741.0]	[966.0, 753.0]	[969.0, 765.0]	[970.5, 777.0]	[972.0, 789.0]	[975.0, 801.0]	[976.5, 813.0]	[979.5, 825.0]	[981.0, 837.0]	[982.5, 849.0]	[984.0, 861.0]	[987.0, 873.0]	[988.5, 885.0]	[990.0, 897.0]	[993.0, 909.0]	[994.5, 921.0]	[996.0, 933.0]	[997.5, 945.0]	[1000.5, 957.0]	[1002.0, 969.0]	[1003.5, 981.0]	[1005.0, 993.0]	[1008.0, 1005.0]	[1017.0, 1005.0]																																		
[790.5, 394.5]	[777.0, 387.0]	[774.0, 375.0]	[772.5, 363.0]																																																																																															
[742.5, 334.5]	[730.5, 321.0]	[732.0, 318.0]	[742.5, 330.0]	[750.0, 342.0]	[751.5, 354.0]																																																																																													
[751.5, 342.0]	[739.5, 325.5]	[727.5, 316.5]	[729.0, 315.0]	[735.0, 327.0]	[745.5, 339.0]	[744.0, 351.0]	[750.0, 363.0]	[756.0, 378.0]	[771.0, 394.5]	[783.0, 406.5]	[795.0, 421.5]	[805.5, 433.5]	[817.5, 445.5]	[829.5, 457.5]	[840.0, 469.5]	[852.0, 481.5]	[862.5, 493.5]	[874.5, 505.5]	[886.5, 517.5]	[897.0, 529.5]	[909.0, 541.5]	[919.5, 553.5]	[931.5, 565.5]																																																																											
[712.5, 691.5]	[700.5, 688.5]	[688.5, 687.0]	[676.5, 685.5]	[664.5, 682.5]	[652.5, 684.0]	[640.5, 682.5]	[628.5, 681.0]	[616.5, 681.0]	[604.5, 679.5]	[592.5, 679.5]	[580.5, 678.0]	[562.5, 673.5]	[550.5, 673.5]	[537.0, 672.0]	[528.0, 672.0]	[516.0, 666.0]	[499.5, 675.0]	[487.5, 675.0]	[475.5, 676.5]	[463.5, 676.5]	[451.5, 681.0]	[439.5, 682.5]	[427.5, 684.0]	[415.5, 685.5]	[397.5, 684.0]	[385.5, 687.0]	[373.5, 688.5]	[361.5, 691.5]	[349.5, 693.0]	[337.5, 700.5]	[333.0, 697.5]	[321.0, 705.0]	[307.5, 706.5]	[295.5, 714.0]	[289.5, 715.5]	[291.0, 703.5]	[291.0, 691.5]	[292.5, 679.5]	[292.5, 667.5]	[292.5, 655.5]	[294.0, 643.5]	[295.5, 631.5]	[295.5, 619.5]	[297.0, 607.5]	[297.0, 595.5]	[298.5, 583.5]	[298.5, 571.5]	[300.0, 559.5]	[300.0, 547.5]	[301.5, 535.5]	[301.5, 523.5]	[301.5, 511.5]	[303.0, 499.5]	[303.0, 487.5]	[304.5, 475.5]	[304.5, 463.5]	[306.0, 451.5]	[306.0, 439.5]	[307.5, 429.0]	[310.5, 421.5]	[312.0, 409.5]	[318.0, 397.5]	[319.5, 384.0]	[330.0, 372.0]	[345.0, 360.0]	[364.5, 348.0]	[393.0, 339.0]	[420.0, 327.0]	[418.5, 331.5]	[411.0, 343.5]	[411.0, 355.5]	[411.0, 367.5]	[411.0, 379.5]	[411.0, 391.5]	[411.0, 403.5]	[411.0, 415.5]	[411.0, 427.5]	[411.0, 439.5]	[411.0, 451.5]	[411.0, 463.5]	[411.0, 475.5]	[411.0, 487.5]	[411.0, 499.5]	[409.5, 511.5]	[409.5, 523.5]	[409.5, 535.5]	[409.5, 547.5]	[409.5, 559.5]	[409.5, 571.5]	[409.5, 583.5]	[408.0, 595.5]	[408.0, 607.5]	[408.0, 619.5]	[408.0, 631.5]	[408.0, 643.5]	[406.5, 655.5]	[408.0, 667.5]	[408.0, 679.5]
[279.0, 334.5]	[271.5, 348.0]	[262.5, 351.0]	[267.0, 339.0]	[267.0, 327.0]	[280.5, 315.0]	[288.0, 313.5]	[288.0, 325.5]	[286.5, 337.5]	[282.0, 343.5]	[277.5, 355.5]	[273.0, 361.5]																																																																																							
[388.5, 297.0]	[367.5, 309.0]	[348.0, 321.0]	[334.5, 333.0]	[324.0, 345.0]	[316.5, 357.0]	[313.5, 369.0]	[312.0, 381.0]	[310.5, 393.0]	[309.0, 405.0]	[316.5, 396.0]	[324.0, 378.0]	[336.0, 367.5]	[348.0, 358.5]	[360.0, 351.0]	[372.0, 345.0]	[384.0, 342.0]	[396.0, 339.0]	[408.0, 334.5]	[420.0, 327.0]	[432.0, 328.5]	[444.0, 327.0]	[456.0, 325.5]	[468.0, 319.5]	[480.0, 318.0]	[492.0, 318.0]	[504.0, 316.5]	[516.0, 316.5]	[528.0, 316.5]	[540.0, 316.5]	[552.0, 316.5]	[564.0, 318.0]	[576.0, 319.5]	[588.0, 321.0]	[600.0, 331.5]	[612.0, 333.0]	[624.0, 336.0]	[636.0, 336.0]	[648.0, 339.0]	[660.0, 343.5]	[672.0, 348.0]	[684.0, 352.5]	[696.0, 361.5]	[708.0, 372.0]	[720.0, 385.5]	[741.0, 372.0]	[744.0, 375.0]	[756.0, 381.0]																																																			
[627.0, 289.5]	[657.0, 301.5]	[676.5, 313.5]	[693.0, 325.5]	[703.5, 337.5]	[711.0, 349.5]	[717.0, 361.5]	[720.0, 373.5]	[720.0, 385.5]	[729.0, 396.0]	[741.0, 396.0]	[753.0, 408.0]	[765.0, 421.5]	[777.0, 433.5]	[789.0, 445.5]	[801.0, 457.5]	[813.0, 469.5]	[825.0, 481.5]	[837.0, 493.5]	[849.0, 507.0]	[861.0, 517.5]	[873.0, 529.5]	[885.0, 543.0]	[897.0, 555.0]	[909.0, 565.5]	[921.0, 577.5]	[933.0, 589.5]	[948.0, 594.0]	[960.0, 607.5]	[972.0, 619.5]	[984.0, 633.0]	[996.0, 645.0]	[1008.0, 658.5]	[1020.0, 678.0]																																																																	
[751.5, 700.5]	[750.0, 688.5]	[748.5, 676.5]	[747.0, 664.5]	[745.5, 652.5]	[744.0, 640.5]	[744.0, 628.5]	[742.5, 616.5]	[741.0, 604.5]	[739.5, 592.5]	[739.5, 580.5]	[738.0, 568.5]	[736.5, 556.5]	[735.0, 544.5]	[735.0, 532.5]	[733.5, 520.5]	[732.0, 508.5]	[732.0, 496.5]	[730.5, 484.5]	[729.0, 472.5]	[727.5, 460.5]	[727.5, 448.5]	[726.0, 436.5]	[724.5, 424.5]	[723.0, 412.5]	[718.5, 400.5]	[717.0, 387.0]	[718.5, 366.0]	[706.5, 339.0]	[694.5, 325.5]	[682.5, 316.5]	[670.5, 309.0]	[658.5, 301.5]	[643.5, 289.5]	[631.5, 285.0]	[619.5, 280.5]	[607.5, 279.0]	[595.5, 277.5]	[583.5, 274.5]	[571.5, 274.5]	[559.5, 271.5]	[547.5, 271.5]	[535.5, 270.0]	[523.5, 270.0]	[511.5, 271.5]	[499.5, 271.5]	[487.5, 273.0]	[484.5, 268.5]	[472.5, 273.0]	[460.5, 274.5]	[448.5, 276.0]	[436.5, 277.5]	[424.5, 280.5]	[412.5, 283.5]	[400.5, 288.0]	[388.5, 292.5]	[376.5, 298.5]	[364.5, 306.0]	[352.5, 312.0]	[340.5, 321.0]	[327.0, 334.5]	[331.5, 330.0]	[345.0, 318.0]	[363.0, 306.0]	[385.5, 294.0]	[409.5, 289.5]																																	
[418.5, 270.0]	[409.5, 270.0]	[385.5, 279.0]	[381.0, 285.0]	[393.0, 276.0]	[405.0, 276.0]	[417.0, 268.5]	[429.0, 270.0]	[441.0, 262.5]	[453.0, 265.5]	[465.0, 259.5]	[477.0, 262.5]	[489.0, 259.5]	[501.0, 256.5]	[513.0, 261.0]	[525.0, 256.5]	[537.0, 256.5]	[549.0, 261.0]	[561.0, 258.0]	[573.0, 262.5]	[585.0, 261.0]	[597.0, 262.5]	[609.0, 268.5]	[621.0, 267.0]	[630.0, 274.5]	[633.0, 270.0]	[645.0, 274.5]	[657.0, 282.0]	[669.0, 283.5]	[681.0, 286.5]	[693.0, 294.0]	[705.0, 301.5]	[717.0, 312.0]	[729.0, 331.5]	[727.5, 330.0]	[721.5, 319.5]	[711.0, 307.5]	[696.0, 295.5]	[675.0, 283.5]	[648.0, 271.5]	[622.5, 268.5]																																																										
[553.5, 223.5]	[549.0, 223.5]	[549.0, 211.5]	[546.0, 199.5]	[550.5, 183.0]	[547.5, 183.0]	[550.5, 171.0]	[555.0, 159.0]	[546.0, 156.0]	[534.0, 156.0]	[522.0, 154.5]	[510.0, 154.5]	[498.0, 156.0]	[498.0, 156.0]	[499.5, 168.0]	[498.0, 181.5]	[501.0, 195.0]	[498.0, 207.0]	[498.0, 219.0]	[499.5, 231.0]	[510.0, 226.5]	[522.0, 226.5]	[534.0, 226.5]	[546.0, 228.0]																																																																											
[523.5, 189.0]	[511.5, 189.0]	[504.0, 184.5]	[516.0, 186.0]	[528.0, 186.0]	[540.0, 187.5]																																																																																													
[553.5, 187.5]	[550.5, 198.0]	[538.5, 198.0]	[526.5, 198.0]	[514.5, 196.5]	[502.5, 198.0]	[502.5, 198.0]	[502.5, 210.0]	[502.5, 222.0]	[511.5, 231.0]	[523.5, 231.0]	[535.5, 231.0]	[547.5, 231.0]																																																																																						
[552.0, 207.0]	[549.0, 193.5]	[537.0, 193.5]	[525.0, 192.0]	[513.0, 192.0]	[501.0, 192.0]																																																																																													
[499.5, 166.5]	[511.5, 172.5]	[523.5, 171.0]	[535.5, 174.0]	[547.5, 175.5]																																																																																														
[606.0, 162.0]	[636.0, 174.0]	[657.0, 186.0]	[673.5, 198.0]	[679.5, 210.0]	[688.5, 222.0]	[687.0, 234.0]	[684.0, 246.0]	[685.5, 258.0]	[687.0, 270.0]	[693.0, 282.0]																																																																																								
[705.0, 286.5]	[706.5, 274.5]	[702.0, 262.5]	[700.5, 250.5]	[699.0, 238.5]	[696.0, 226.5]	[688.5, 214.5]	[678.0, 202.5]																																																																																											
[687.0, 171.0]	[675.0, 150.0]	[663.0, 139.5]	[651.0, 129.0]	[639.0, 121.5]	[627.0, 115.5]	[615.0, 111.0]	[603.0, 106.5]	[591.0, 102.0]	[579.0, 99.0]	[567.0, 97.5]	[555.0, 96.0]	[543.0, 94.5]	[531.0, 93.0]	[519.0, 93.0]	[507.0, 93.0]	[495.0, 94.5]	[483.0, 96.0]	[471.0, 97.5]	[459.0, 99.0]	[447.0, 102.0]	[435.0, 105.0]	[423.0, 108.0]	[411.0, 112.5]	[399.0, 118.5]	[387.0, 126.0]	[375.0, 133.5]	[363.0, 142.5]	[351.0, 154.5]	[339.0, 172.5]																																																																					
[372.0, 198.0]	[372.0, 210.0]	[370.5, 222.0]	[370.5, 234.0]	[352.5, 255.0]	[352.5, 267.0]	[348.0, 279.0]	[331.5, 291.0]																																																																																											
[408.0, 265.5]	[375.0, 277.5]	[352.5, 289.5]	[343.5, 300.0]	[330.0, 309.0]	[318.0, 321.0]	[313.5, 331.5]	[306.0, 343.5]	[300.0, 363.0]	[318.0, 355.5]	[330.0, 339.0]	[342.0, 327.0]	[354.0, 318.0]	[366.0, 310.5]	[378.0, 304.5]	[390.0, 297.0]	[402.0, 292.5]	[414.0, 289.5]	[426.0, 286.5]	[438.0, 283.5]	[450.0, 280.5]	[462.0, 280.5]	[474.0, 279.0]	[486.0, 277.5]	[498.0, 276.0]	[510.0, 276.0]	[522.0, 276.0]	[534.0, 276.0]	[546.0, 276.0]	[558.0, 277.5]	[570.0, 279.0]	[582.0, 280.5]	[594.0, 282.0]	[606.0, 283.5]	[618.0, 286.5]	[630.0, 289.5]	[642.0, 294.0]	[654.0, 294.0]	[669.0, 289.5]	[681.0, 291.0]	[693.0, 297.0]	[705.0, 307.5]	[717.0, 319.5]	[724.5, 330.0]	[736.5, 346.5]	[742.5, 360.0]	[754.5, 373.5]	[757.5, 387.0]	[769.5, 393.0]	[781.5, 403.5]	[792.0, 417.0]	[804.0, 429.0]	[816.0, 442.5]	[828.0, 454.5]	[840.0, 468.0]	[852.0, 480.0]	[864.0, 493.5]	[876.0, 505.5]	[888.0, 517.5]	[900.0, 532.5]	[912.0, 544.5]	[924.0, 556.5]	[936.0, 570.0]	[948.0, 582.0]	[960.0, 591.0]	[972.0, 604.5]	[984.0, 616.5]	[996.0, 630.0]	[1008.0, 643.5]	[1014.0, 652.5]	[1017.0, 660.0]																												
[705.0, 297.0]	[693.0, 288.0]	[681.0, 280.5]	[669.0, 274.5]	[657.0, 268.5]	[645.0, 264.0]	[633.0, 261.0]	[621.0, 256.5]	[609.0, 253.5]	[597.0, 252.0]	[585.0, 249.0]	[573.0, 247.5]	[561.0, 246.0]	[549.0, 246.0]	[537.0, 246.0]	[525.0, 246.0]	[513.0, 244.5]	[501.0, 244.5]	[489.0, 246.0]	[477.0, 247.5]	[465.0, 249.0]	[453.0, 250.5]	[441.0, 252.0]	[429.0, 255.0]	[417.0, 256.5]	[405.0, 259.5]	[393.0, 265.5]	[381.0, 268.5]	[369.0, 274.5]	[357.0, 280.5]	[343.5, 282.0]	[331.5, 291.0]	[324.0, 294.0]	[324.0, 282.0]	[325.5, 270.0]	[327.0, 258.0]	[328.5, 246.0]	[331.5, 234.0]	[337.5, 222.0]	[346.5, 210.0]	[358.5, 198.0]	[376.5, 186.0]	[397.5, 174.0]	[427.5, 162.0]																																																							
[433.5, 145.5]	[399.0, 157.5]	[376.5, 169.5]	[358.5, 181.5]	[345.0, 193.5]	[334.5, 205.5]	[327.0, 217.5]	[319.5, 223.5]	[331.5, 201.0]	[343.5, 184.5]	[355.5, 174.0]	[366.0, 166.5]	[378.0, 159.0]	[390.0, 153.0]	[402.0, 147.0]	[414.0, 142.5]	[426.0, 138.0]	[438.0, 135.0]	[450.0, 132.0]	[463.5, 129.0]	[475.5, 127.5]	[487.5, 124.5]	[499.5, 120.0]	[511.5, 120.0]	[523.5, 121.5]	[535.5, 121.5]	[547.5, 121.5]	[559.5, 123.0]	[571.5, 126.0]	[583.5, 127.5]	[595.5, 129.0]	[607.5, 132.0]	[619.5, 136.5]	[631.5, 141.0]	[643.5, 145.5]	[655.5, 153.0]	[667.5, 160.5]	[679.5, 169.5]	[691.5, 180.0]	[706.5, 204.0]																																																											
[670.5, 189.0]	[658.5, 180.0]	[646.5, 172.5]	[634.5, 166.5]	[622.5, 160.5]	[610.5, 157.5]	[598.5, 154.5]	[586.5, 151.5]	[574.5, 148.5]	[562.5, 147.0]	[550.5, 145.5]	[538.5, 144.0]	[526.5, 144.0]	[514.5, 144.0]	[502.5, 144.0]	[490.5, 144.0]	[478.5, 145.5]	[466.5, 147.0]	[457.5, 148.5]	[445.5, 151.5]	[433.5, 154.5]	[421.5, 159.0]	[409.5, 160.5]	[397.5, 168.0]	[385.5, 174.0]	[373.5, 181.5]	[361.5, 189.0]	[349.5, 199.5]	[337.5, 214.5]	[342.0, 208.5]	[354.0, 196.5]	[367.5, 184.5]	[388.5, 172.5]	[409.5, 160.5]																																																																	
[415.5, 141.0]	[393.0, 150.0]	[372.0, 157.5]	[354.0, 169.5]	[340.5, 181.5]	[337.5, 186.0]	[349.5, 172.5]	[361.5, 163.5]	[373.5, 156.0]	[385.5, 150.0]	[397.5, 142.5]	[409.5, 139.5]	[421.5, 135.0]	[433.5, 130.5]	[445.5, 129.0]	[457.5, 126.0]	[469.5, 123.0]	[481.5, 121.5]	[495.0, 126.0]	[513.0, 124.5]	[525.0, 124.5]	[537.0, 126.0]	[549.0, 126.0]	[562.5, 129.0]	[574.5, 129.0]	[586.5, 132.0]	[598.5, 135.0]	[612.0, 138.0]	[624.0, 142.5]	[636.0, 147.0]	[648.0, 153.0]	[660.0, 160.5]	[672.0, 169.5]	[684.0, 180.0]	[696.0, 196.5]																																																																
[678.0, 169.5]	[661.5, 157.5]																																																																																																	
[645.0, 147.0]	[649.5, 150.0]	[661.5, 162.0]	[676.5, 174.0]	[687.0, 186.0]	[696.0, 198.0]																																																																																													
[658.5, 180.0]	[636.0, 168.0]	[604.5, 156.0]	[610.5, 148.5]	[640.5, 160.5]	[663.0, 172.5]	[678.0, 184.5]	[690.0, 196.5]	[699.0, 208.5]	[703.5, 220.5]																																																																																									
[682.5, 165.0]	[675.0, 153.0]	[663.0, 141.0]	[649.5, 129.0]	[628.5, 117.0]	[598.5, 105.0]																																																																																													
[622.5, 60.0]	[610.5, 51.0]	[598.5, 46.5]	[586.5, 40.5]	[574.5, 36.0]	[562.5, 30.0]	[550.5, 28.5]	[538.5, 21.0]	[526.5, 16.5]	[514.5, 9.0]																																																																																									
[513.0, 24.0]	[501.0, 22.5]	[501.0, 22.5]	[504.0, 34.5]	[493.5, 48.0]	[492.0, 60.0]	[499.5, 58.5]	[511.5, 52.5]	[523.5, 49.5]	[535.5, 54.0]	[547.5, 60.0]	[537.0, 63.0]	[520.5, 67.5]	[520.5, 79.5]	[520.5, 67.5]	[510.0, 61.5]	[505.5, 52.5]	[517.5, 46.5]	[529.5, 46.5]	[541.5, 55.5]																																																																															
[526.5, 51.0]	[535.5, 67.5]	[534.0, 79.5]	[537.0, 81.0]																																																																																															
[555.0, 67.5]	[553.5, 55.5]	[553.5, 43.5]																																																																																																
[574.5, 36.0]	[600.0, 48.0]	[619.5, 60.0]																																																																																																
[576.0, 48.0]	[607.5, 60.0]	[627.0, 72.0]	[640.5, 84.0]	[643.5, 96.0]	[645.0, 108.0]	[646.5, 115.5]	[663.0, 114.0]	[667.5, 129.0]																																																																																										
[514.5, 81.0]	[510.0, 69.0]	[504.0, 55.5]	[504.0, 49.5]	[507.0, 34.5]	[507.0, 22.5]																																																																																													
[427.5, 106.5]	[399.0, 118.5]	[378.0, 130.5]	[363.0, 142.5]	[351.0, 154.5]	[343.5, 166.5]	[337.5, 178.5]	[336.0, 169.5]	[348.0, 151.5]																																																																																										
[462.0, 285.0]	[462.0, 297.0]	[462.0, 309.0]																																																																																																
